FirstName,LasrName,PhoneNumber,Position
Chicky,Sifleet,530-750-8306,Media Manager IV
Evered,Thorogood,912-345-1720,VP Quality Control
Elbertine,Casarini,802-904-7251,Tax Accountant
Clayson,Eccott,596-976-8977,Marketing Assistant
Jameson,Longfield,175-833-8236,Business Systems Development Analyst
Brodie,Pantone,116-415-5201,Sales Associate
Si,Gaucher,943-117-0427,Business Systems Development Analyst
Celene,Olle,381-646-0413,Professor
Kenneth,Vedeneev,370-890-1122,Web Developer II
Myrta,Teliga,823-778-4868,Senior Cost Accountant
Lilia,Peris,776-900-5906,Human Resources Manager
Raymund,Cahen,222-286-2870,Paralegal
Arin,Pauel,475-207-1733,Cost Accountant
Andreana,Walkey,837-947-1893,Senior Editor
Jennica,Hanhard,320-964-7788,Assistant Manager
Galen,Peare,993-474-6247,Editor
Armando,Halfhyde,872-784-9894,VP Marketing
Korie,Speirs,590-728-3684,Assistant Professor
Carmelia,MacCrossan,772-454-0416,Database Administrator III
Cristobal,Hatchell,664-956-9145,Associate Professor
Kylie,Doeg,128-193-0712,Sales Associate
Atalanta,Hakonsen,797-751-1399,Software Test Engineer I
Renault,Sheward,142-310-9826,Design Engineer
Nanon,Clemintoni,284-334-0328,Product Engineer
Gerrie,McGinnis,978-505-4842,Nurse
Jorgan,Le Franc,225-863-8657,Media Manager III
Sybille,Hadgraft,231-499-6041,Programmer Analyst II
Marya,Lillecrop,196-617-6639,Project Manager
Glenine,Andresen,781-970-6185,Senior Editor
Maybelle,Goring,839-711-2007,Financial Advisor
Shanda,Hallor,395-116-1462,Safety Technician II
Meredith,Hatherall,652-646-5210,Budget/Accounting Analyst IV
Carrie,Oliphard,942-226-0703,Budget/Accounting Analyst III
Katharina,Aaronsohn,155-761-7800,Systems Administrator IV
Elli,Pharro,761-173-7536,Teacher
Reid,Filyashin,244-478-3419,VP Marketing
Rozamond,Andrat,494-362-6982,Environmental Specialist
Shayne,Patchett,446-644-3671,Software Consultant
Bell,Duchesne,404-695-9301,Safety Technician IV
Aurel,Devall,104-544-0711,Sales Associate
Phillida,McGann,186-561-5532,Project Manager
Der,Nuth,431-719-8460,Design Engineer
Kate,Leblanc,964-982-9897,Senior Developer
Hedwig,Guiden,488-832-0640,Structural Engineer
Tammy,Childers,643-130-6080,VP Accounting
Karyn,Galer,962-987-4247,Recruiting Manager
Gilligan,Mapes,574-162-5349,Executive Secretary
Lena,O'Scanlon,304-401-6091,Librarian
Caesar,Chantler,715-986-1386,Account Representative III
Eugene,Gemeau,816-606-3692,Developer III
Dionis,Maier,672-988-7208,Research Associate
Jeniffer,Hubbocks,973-628-4461,Professor
Hermie,Kleinlerer,578-341-4952,Office Assistant III
Samara,Bulford,291-850-4044,Marketing Manager
Coralie,Thackham,924-222-7222,Media Manager I
Margie,McNickle,242-709-9465,Electrical Engineer
Jennica,Maraga,868-932-9941,Librarian
Eugine,Cradick,813-453-7191,Editor
Chanda,Dunleavy,769-209-1926,Payment Adjustment Coordinator
Julietta,Wilding,601-935-3971,GIS Technical Architect
Barbie,Teasdale-Markie,276-572-5527,Financial Advisor
Toddie,Brocklehurst,125-582-5866,Senior Quality Engineer
Eddy,Rhydderch,648-560-4897,Geologist IV
Katleen,Sauven,125-766-7911,VP Marketing
Melisande,McVeagh,118-684-3603,Staff Scientist
Allyn,Peddersen,968-492-6901,Dental Hygienist
Dew,Proudley,627-414-5705,Recruiter
Price,Fabri,326-273-7982,Business Systems Development Analyst
Jordanna,Whittet,608-535-4655,Staff Scientist
Ripley,Dewsbury,938-857-2283,Senior Developer
Carlos,Vanyukhin,242-140-9480,Marketing Manager
Earl,Heersema,425-382-5996,Registered Nurse
Gale,De la croix,203-303-1596,VP Quality Control
Denver,Behan,816-201-4289,Database Administrator IV
Reynard,Pashler,735-728-3278,Electrical Engineer
Esme,Given,890-110-4062,Chemical Engineer
Corena,Cockarill,184-814-0684,Help Desk Technician
Alvina,Franke,216-530-7569,Registered Nurse
Kennan,Bartolacci,863-297-5877,Staff Scientist
Prentiss,Cotterrill,396-966-5275,Automation Specialist II
Stanley,McCerery,934-592-0891,Executive Secretary
Starr,Pennells,382-477-9553,Community Outreach Specialist
Roobbie,Millan,720-871-5461,Help Desk Operator
Edik,Cominetti,798-116-2285,Product Engineer
Kathye,Tunny,121-363-0531,Tax Accountant
Micheil,Fealty,465-317-4142,Actuary
Milo,Mancktelow,221-991-9996,Mechanical Systems Engineer
Perrine,Finnan,571-427-3888,Account Coordinator
Katina,todor,983-488-3469,Teacher
Deina,Morehall,255-427-4144,Recruiting Manager
Evelina,Swanborrow,268-560-8189,VP Product Management
Billye,Crolla,811-818-7420,Associate Professor
Scarlet,Vowden,314-423-2138,Account Coordinator
Denys,Conerding,930-476-1023,Desktop Support Technician
Benny,Enion,587-355-4312,Chief Design Engineer
Carlin,Papis,248-964-8741,Chief Design Engineer
Roland,Pleager,580-277-9111,Sales Associate
Ryley,Teml,136-963-1492,Budget/Accounting Analyst II
Claudell,Mylchreest,361-954-7074,Compensation Analyst
Stephenie,Holdall,524-318-1390,Health Coach III
Viva,Rikard,319-579-5489,VP Quality Control
Sidonnie,Sysland,447-550-6487,Recruiter
Brittne,Mc Gee,440-433-9798,Automation Specialist IV
Hayyim,Ackwood,348-167-8642,Geological Engineer
Keven,Halgarth,920-343-1408,Quality Engineer
Harriett,Roberts,577-630-2323,Chemical Engineer
Guilbert,Ricard,601-858-4642,Pharmacist
Haskell,Rummery,217-944-9559,Speech Pathologist
Theodoric,Gooms,737-404-6305,Data Coordinator
Gill,Burless,265-410-6056,Database Administrator III
Siward,Luparto,364-417-2726,Geologist I
Ferdinande,Sharp,416-658-8424,Assistant Media Planner
Garald,Tune,265-730-0225,Professor
Christiane,McTurlough,867-562-3106,Civil Engineer
Bink,Ebhardt,387-944-4164,Human Resources Assistant I
Parker,Dower,365-237-5891,Quality Control Specialist
Marie,Sara,571-390-1875,Accountant III
Clerc,Aingell,816-150-9766,Design Engineer
Babette,Matterson,813-253-7068,Structural Engineer
Cristiano,Grzegorczyk,649-151-4319,Librarian
Filippo,Milliken,231-694-2720,Web Designer II
Eadmund,Mallan,385-501-1917,Community Outreach Specialist
Kylila,Gerran,555-562-6387,Cost Accountant
Keslie,Hotson,151-557-1331,Compensation Analyst
Sayre,Fleis,868-841-3436,Database Administrator II
Crawford,Sterman,974-691-1882,Research Assistant IV
Erik,Pitkaithly,384-281-3063,Dental Hygienist
Lizzy,Dungate,822-937-1179,Project Manager
Babette,Gambrell,914-613-1961,Senior Developer
Brook,Foggo,447-395-3157,Registered Nurse
Marcille,Dennes,589-194-6745,Health Coach I
Monroe,Mackrill,970-877-1019,Senior Sales Associate
Augusto,Giraldon,982-825-9197,Associate Professor
Meryl,Antognozzii,250-636-1341,Librarian
Eadie,Glentz,454-901-2643,Human Resources Manager
Chick,Battista,549-414-1641,Clinical Specialist
Pammie,Mundwell,444-994-2008,Payment Adjustment Coordinator
Mari,Ruusa,113-139-0246,Account Executive
Yasmeen,Klambt,131-147-4466,Director of Sales
Byrom,Kydd,141-129-0963,Marketing Manager
Birgit,Verbrugghen,460-577-5914,Professor
Emlyn,Riddlesden,872-170-2339,Payment Adjustment Coordinator
Bridie,Bullus,662-580-8977,Technical Writer
Cristionna,Pead,544-655-2083,Geological Engineer
Benedick,Petigrew,913-593-9048,Chemical Engineer
Udale,Sangar,757-626-1000,Dental Hygienist
Abbey,Gegg,288-989-2195,Assistant Professor
Amalita,McIlenna,623-800-2684,Registered Nurse
Sanford,Rattray,795-108-2184,Senior Developer
Omar,Manning,899-351-4893,Compensation Analyst
Wendi,Hyndson,566-375-5494,Community Outreach Specialist
Dalton,Vanyutin,671-514-8850,General Manager
Ardenia,MacCrachen,853-125-9962,Internal Auditor
Giovanna,Drexel,142-774-2054,Director of Sales
Emilee,Strafford,796-901-7029,Analog Circuit Design manager
Angelle,Muffin,832-688-8133,Recruiting Manager
Fredrika,Fedorchenko,181-705-8823,Software Test Engineer IV
Fredi,Kolin,350-360-8240,Executive Secretary
Gabriello,Yerrill,232-904-9495,Recruiter
Elvin,Van Salzberger,112-323-6748,Geologist IV
Nikola,Herreros,526-339-0223,Quality Engineer
Jamil,Aylmer,191-929-7812,Desktop Support Technician
Tobiah,Rhodus,391-137-2585,Automation Specialist IV
Gustav,Swatridge,382-888-7498,Director of Sales
Penn,Eilers,308-888-6064,Occupational Therapist
Tedmund,Sterricker,499-425-9765,VP Product Management
Alric,Moules,644-788-7172,Payment Adjustment Coordinator
Augustus,Jullian,238-688-4804,Registered Nurse
Jonathan,Calabry,820-279-2636,Financial Analyst
Bernie,Blow,683-144-9120,Assistant Professor
Pippa,Stivers,231-916-9920,Senior Sales Associate
Starlin,Ruskin,271-282-3958,Geological Engineer
Ermin,Noon,991-377-0357,Mechanical Systems Engineer
Yvor,Camellini,161-941-1214,Marketing Assistant
Cos,Purshouse,482-150-4878,Mechanical Systems Engineer
Graham,Balshen,347-617-0673,Health Coach II
Giacobo,Coiley,352-370-2042,Civil Engineer
Blinnie,Kinnen,661-924-7918,Financial Analyst
Francene,Klimkovich,188-492-2364,Programmer Analyst II
Kirstyn,Rominov,771-587-7951,Database Administrator I
Randolf,Rozec,533-485-5800,Editor
Davida,Trinke,588-339-2755,Office Assistant I
Eddie,Grasha,219-429-5170,Sales Associate
Julianna,Topley,719-519-3117,Safety Technician I
Nahum,Bozier,404-858-9015,Web Developer IV
Morganne,Vigietti,813-875-2068,Administrative Assistant III
Barbaraanne,Pencott,533-394-7532,Environmental Tech
Marlo,Tambling,700-734-9547,Marketing Manager
Land,Powland,736-938-4382,Senior Cost Accountant
Angelle,Fulk,524-867-4061,Desktop Support Technician
Westbrooke,Pacquet,913-748-3250,VP Marketing
Barbi,Ianno,481-995-9688,Junior Executive
Rianon,Gatecliff,384-561-1777,Product Engineer
Jonie,Aleevy,266-921-4407,Operator
Evangelia,Pasquale,279-397-6769,Database Administrator I
Robbert,Trye,360-970-1662,Teacher
Karlyn,Noweak,248-527-4716,Staff Scientist
Yurik,Dwelly,383-516-8393,Mechanical Systems Engineer
Armand,Fuller,622-943-4769,Food Chemist
Nerti,Balke,891-348-1598,Pharmacist
Sumner,Cabble,628-574-2842,Geological Engineer
Jordan,McQueen,436-566-3898,Analyst Programmer
Ruthie,Glanton,242-957-6154,Junior Executive
Marcel,Feare,634-460-7635,Help Desk Operator
Binny,Thominga,355-452-0110,Nurse Practicioner
Joan,Geekin,410-422-5970,Engineer I
Cory,Labrum,546-724-7497,Senior Cost Accountant
Mikkel,Okenden,638-373-6660,Physical Therapy Assistant
Gustavo,Farlane,929-389-8916,Cost Accountant
Estelle,Resun,765-943-4478,Food Chemist
Lennard,Haythorn,937-940-8891,Legal Assistant
Deidre,Battson,379-364-0696,Civil Engineer
Liana,Sand,104-185-5868,Assistant Professor
Karen,Cowdry,230-268-0408,Internal Auditor
Bank,Bartholomaus,283-989-1218,Senior Cost Accountant
Emalee,Guillou,241-763-8589,Nurse Practicioner
Udall,Quilliam,833-732-9406,Environmental Tech
Penny,Steptoe,599-169-0092,Operator
Masha,Gaudon,936-426-6375,Quality Control Specialist
Zenia,Hesbrook,846-509-3926,Desktop Support Technician
Yank,Sultana,674-266-0279,Quality Control Specialist
Dalt,Slot,842-257-3031,Computer Systems Analyst IV
Kariotta,Boulds,909-484-2599,Executive Secretary
Karoly,Vanyashin,242-100-1453,Nuclear Power Engineer
Cherilyn,Sherr,664-932-3183,Quality Engineer
Sherrie,Logan,875-316-5429,Human Resources Manager
Drew,Robshaw,420-741-5127,VP Marketing
Ange,Posen,245-112-8421,Pharmacist
Jewel,Regnard,744-422-8767,Librarian
Selena,Spurway,585-158-0355,Mechanical Systems Engineer
Brian,Hardage,485-626-5000,VP Product Management
Brittney,Killiam,806-643-7818,Staff Scientist
Rodrigo,Chadwyck,234-313-8245,VP Marketing
Kesley,McCaig,938-926-2287,Actuary
Camille,Wands,713-853-2560,Civil Engineer
Patrizia,Jervis,995-509-5295,Pharmacist
Luise,Curnnokk,120-341-1060,Research Assistant I
Susannah,Dairton,536-878-5282,Safety Technician II
Giovanni,Pinxton,227-154-9383,Actuary
Burton,Simpkins,606-339-1423,Recruiter
Paulette,Vakhrushev,334-582-4812,Software Test Engineer II
Webster,Pomfrey,683-538-3696,Director of Sales
Merwin,Plampin,567-304-4131,Teacher
Jeanie,Gowling,569-574-8178,VP Product Management
Lenee,Cranney,259-474-7175,Engineer III
Gordon,Payler,281-776-1821,Research Assistant II
Miquela,Klas,738-358-5802,Professor
Zebulon,Camelli,372-119-4746,Structural Engineer
Bill,Guilliatt,630-171-1987,Engineer II
Anderson,Redsell,275-774-8421,Chemical Engineer
Weylin,Worham,955-460-5855,Database Administrator III
Liva,Gillions,207-170-5828,Chief Design Engineer
Ferdy,Andersson,343-381-1564,Paralegal
Biddy,Grahlmans,902-308-9917,Nurse Practicioner
Edythe,Scemp,940-262-3030,Automation Specialist IV
Gris,Hadingham,489-464-7662,Geological Engineer
Samuel,Slainey,412-135-4973,Internal Auditor
Lindsay,Aphale,567-113-3145,Database Administrator IV
Milissent,Shiel,172-787-2754,Administrative Officer
Sacha,Groves,462-894-2201,Quality Engineer
Chet,Colbourn,453-677-1256,Speech Pathologist
Wesley,Bridgstock,806-661-0763,Data Coordinator
Aindrea,Utting,736-984-5278,Payment Adjustment Coordinator
Nancy,Greenley,409-928-5747,Physical Therapy Assistant
Joela,McGlew,637-970-2839,Paralegal
Nicola,Gambie,560-829-8430,Human Resources Assistant III
Rosco,Welds,820-838-1528,Graphic Designer
Rania,Knyvett,334-460-3664,Cost Accountant
Elaina,Rossborough,307-666-0070,Database Administrator II
Cathryn,Nazair,482-516-7635,Dental Hygienist
Markus,Tunnadine,929-503-0694,Data Coordinator
Jordana,Agdahl,594-399-2161,Senior Sales Associate
Courtnay,McVrone,238-595-8202,Legal Assistant
Howey,Skirrow,310-114-3466,Financial Analyst
Nicko,Casserly,668-365-5190,Sales Representative
Jojo,Hobben,899-339-4526,Analyst Programmer
Mariette,Swiffan,709-201-5145,Recruiting Manager
Moises,Maypole,194-380-2535,Operator
Gradey,Paling,207-547-8282,Chemical Engineer
Reina,Leibold,280-421-5786,Sales Associate
Valentino,Hofer,989-799-7287,Research Assistant IV
Hobey,Volcker,526-549-5545,Actuary
Giraud,Rockall,824-423-5030,Database Administrator II
Melba,Patient,689-808-9283,Civil Engineer
Astra,Carwithan,799-815-3814,Sales Representative
Maitilde,Marland,375-637-4845,Electrical Engineer
Goddard,Jendrys,691-704-4997,Programmer I
Nick,Plumstead,646-291-8480,Junior Executive
Arvie,Smooth,813-181-1736,Senior Editor
Victoir,Lonie,701-812-5002,Data Coordinator
Charlton,Filkov,401-321-3890,Nurse Practicioner
Valera,Hudghton,677-630-0966,Civil Engineer
Philip,Tomlin,539-632-3918,Research Associate
Leanna,Terzo,151-772-8407,Environmental Tech
Lloyd,Izhakov,760-601-9766,Help Desk Technician
Glenna,Pidwell,843-565-2239,Electrical Engineer
Patrizio,Crown,701-819-4315,Senior Developer
Jerrie,Merwood,468-817-1177,General Manager
Corly,Toffaloni,915-599-7573,VP Product Management
Anastasie,Darwen,833-984-9199,Research Nurse
Emelen,Antrack,437-936-6645,Technical Writer
Jan,Birchall,719-504-0807,Administrative Officer
Pace,Ivy,467-202-2554,Clinical Specialist
Alfie,Bozworth,646-120-5079,Occupational Therapist
Kennie,Brobak,572-945-1458,Structural Engineer
Roderigo,Bayles,908-624-9583,Pharmacist
Adeline,Bartolommeo,644-457-2879,Software Test Engineer II
Rora,Mepsted,650-907-5495,Senior Quality Engineer
Gail,Saturley,420-269-7035,Analog Circuit Design manager
Carolee,Hembry,976-316-3806,Quality Control Specialist
Alanah,Verdun,301-327-4151,Web Developer I
Alis,Behnen,219-414-7037,VP Marketing
Mirabel,Brind,206-160-7970,Director of Sales
Calypso,Greaser,297-742-5061,Registered Nurse
Othello,Rosendale,879-329-7596,Operator
Laetitia,Marcos,162-701-4973,Professor
Felice,Lockart,737-672-9959,Software Consultant
Aviva,Muckersie,897-119-5679,Physical Therapy Assistant
Staford,Tucker,605-256-6518,Assistant Professor
Dominique,Shuttleworth,887-969-2505,Health Coach III
Murray,Hartigan,197-718-5018,Senior Financial Analyst
Madelaine,Lawton,181-918-1712,Marketing Manager
Dick,Belt,695-229-5529,Occupational Therapist
Iver,Brettor,858-423-1242,Senior Quality Engineer
Corabel,Wybron,843-445-0346,Recruiting Manager
Erick,Vampouille,896-810-2270,Librarian
Monica,Arington,824-608-4761,Research Assistant III
Gail,Lamps,764-584-9294,Teacher
Aurie,Harner,522-711-2705,Paralegal
Penrod,Worboy,298-547-5391,Database Administrator II
Moises,Royds,858-803-3364,Editor
Carmelle,Kochs,633-296-1815,Administrative Officer
Kiele,Clint,725-683-1255,Marketing Manager
Mame,Stewart,257-596-2743,VP Sales
Lawrence,Eydel,259-508-3034,Clinical Specialist
Jervis,Waugh,989-469-4769,Quality Control Specialist
Ashton,Vaines,280-684-5297,Systems Administrator III
Sherline,Meijer,472-136-1502,Computer Systems Analyst IV
Lyndell,Fernihough,503-650-5300,Product Engineer
Timmi,Schruyers,158-494-1088,Business Systems Development Analyst
Morie,Swaton,385-322-5960,Developer III
Martynne,Myatt,155-604-4312,Sales Representative
Elliott,Crutchfield,167-865-1678,Environmental Tech
York,Escalante,280-222-4064,Environmental Specialist
Delilah,McKimm,740-239-2829,VP Marketing
Maxie,Massingberd,396-658-8913,Chief Design Engineer
Tildi,Gration,340-589-2414,Help Desk Technician
Horten,Nerval,212-573-4366,Assistant Media Planner
Sarine,Lammas,782-607-5435,Developer II
Shell,Cowoppe,111-653-8979,Pharmacist
Trumaine,Whitworth,549-557-4898,Senior Cost Accountant
Quinn,Sokell,615-701-0047,Health Coach II
Bonnibelle,Moffett,933-219-6017,Administrative Officer
Daria,Strut,140-927-5192,Recruiting Manager
Roxie,Keer,883-935-6639,Graphic Designer
Artus,Fenna,178-171-4628,Product Engineer
Matty,Hayer,197-537-0207,Research Associate
Carter,Rupel,558-322-8247,Clinical Specialist
Tish,Boddam,405-963-8576,Senior Editor
Tynan,Steffens,461-933-4994,Web Developer II
Bunnie,Bowlesworth,804-979-3405,Account Representative I
Aurel,Spellard,753-668-3493,Internal Auditor
Hamish,Lovelady,283-337-1810,Quality Control Specialist
Murvyn,Squire,940-453-1158,Legal Assistant
Zola,Lulham,387-419-8401,Automation Specialist IV
Anitra,Morey,337-180-4827,Accountant I
Reinwald,Dewitt,270-513-9641,Technical Writer
Darci,Burkwood,555-656-4064,Executive Secretary
Keary,Davydzenko,872-268-9798,Account Coordinator
Roxi,Braizier,203-277-1665,Budget/Accounting Analyst IV
Juieta,Lipyeat,937-117-3867,Senior Developer
Emily,Bernardinelli,699-780-3412,Food Chemist
Terencio,Dickie,243-772-7330,Nurse
Martina,Pfeuffer,622-739-1636,Clinical Specialist
Lindy,Bottoms,561-360-2698,Assistant Professor
Yolane,Scholes,411-106-2523,VP Accounting
Blinnie,Currin,472-971-1434,Media Manager III
Isabel,Webermann,495-313-9083,Structural Analysis Engineer
Maisey,Coytes,875-738-9823,Systems Administrator I
Othilia,Quainton,846-274-1002,Community Outreach Specialist
Constantia,Gumb,847-869-5965,Environmental Specialist
Reggie,Heberden,805-838-8866,Senior Cost Accountant
Lek,Gillingham,196-461-5021,Senior Quality Engineer
Casandra,Hitchens,700-690-5928,Engineer I
Gayle,Markovic,665-592-5066,Media Manager I
Reba,Summerell,360-515-6905,Desktop Support Technician
Shoshana,Roch,601-374-4070,Payment Adjustment Coordinator
Hasheem,Pitway,359-984-7324,Computer Systems Analyst I
Beaufort,Wernher,866-778-9946,Occupational Therapist
Elvera,Smees,306-386-7790,Accounting Assistant II
Rees,Steenson,510-593-1175,Structural Engineer
Amy,Fauning,403-528-9326,Research Associate
Jerad,Crosfield,972-906-5622,Systems Administrator II
Ursula,Zumbusch,888-132-2626,Chemical Engineer
Dannie,Bonnette,447-365-1781,Nurse Practicioner
Lexy,Di Giacomettino,959-515-9572,Information Systems Manager
Trey,Shynn,321-998-2136,Tax Accountant
Vilhelmina,Poizer,863-661-7708,Structural Analysis Engineer
Gena,Hacon,974-361-1596,Human Resources Assistant II
Ephrayim,Plenderleith,229-320-5887,Software Engineer IV
Antonius,Absolem,775-533-2854,Environmental Tech
Claudine,Hinstridge,972-208-7779,Cost Accountant
Steffie,Mallion,486-115-9546,Computer Systems Analyst IV
Dolly,Machent,264-446-7868,Analog Circuit Design manager
Eleonore,Imeson,702-787-6444,Database Administrator II
Adriane,August,281-940-3537,Staff Accountant IV
Matthus,O'Shea,340-304-3433,Budget/Accounting Analyst IV
Natala,Bickersteth,653-711-1167,Junior Executive
Millie,Timmis,586-438-1436,Structural Engineer
Marylin,Trimbey,325-887-4325,Media Manager I
Harald,O'Keaveny,990-274-7520,Statistician I
Meridel,Causby,425-158-4929,Graphic Designer
Letisha,Mouget,805-921-1536,Marketing Manager
Elka,Bomfield,276-190-6839,Programmer I
Gunner,Knuckles,985-220-9460,Sales Representative
Pepi,Ciccoloi,561-698-9022,Design Engineer
Bale,Launder,113-743-5918,Programmer IV
Matthus,Pietersen,836-926-6424,Paralegal
Renae,Sheahan,440-481-5517,Sales Representative
Antonia,McWilliams,905-931-9342,Help Desk Operator
Min,Edleston,624-282-1209,Health Coach III
Elijah,Merriton,436-810-2987,Software Engineer IV
Garrick,Hindmoor,924-472-9691,Nurse Practicioner
Napoleon,Tesmond,772-485-0446,Teacher
Kassie,Uden,352-293-3310,Electrical Engineer
Steffi,Phillp,474-854-0408,Assistant Professor
Berthe,Sebert,418-297-1767,Systems Administrator IV
Claire,Bradnick,493-300-1869,Analog Circuit Design manager
Hermon,Walkling,353-564-7705,Sales Associate
Genny,Elecum,629-271-4262,Senior Developer
Brien,Bellany,930-909-3483,Project Manager
Sophi,Rennenbach,570-285-6111,General Manager
Dyann,Batiste,194-125-8040,Software Engineer III
Billye,Sunter,759-730-8114,Web Developer II
Ezri,Hovel,208-804-3686,Occupational Therapist
Bink,Calafate,504-183-5150,Payment Adjustment Coordinator
Seymour,Akett,871-317-3727,Executive Secretary
Shirlene,Dosdale,683-480-2289,Staff Accountant II
Rosa,Barbera,285-201-6265,Help Desk Operator
Oralla,Mars,319-480-7330,Web Developer I
Dukie,Sandcraft,425-507-0816,Community Outreach Specialist
Helene,Popland,461-353-7847,Graphic Designer
Manuel,Ager,946-133-9420,Staff Scientist
Bil,Massimo,487-481-7100,Programmer Analyst II
Tillie,Frickey,870-544-9199,Teacher
Gabriel,Stuchbury,704-928-8118,Automation Specialist I
Efrem,MacClenan,791-108-0808,Project Manager
Halsey,McDonough,660-162-8583,Staff Scientist
Frans,Paff,740-440-8808,Account Representative III
Lloyd,Thow,596-412-8528,Senior Editor
Gizela,Keirl,502-473-8529,Account Representative IV
Ivie,Broxup,148-837-9863,Administrative Officer
Yurik,Tring,389-939-6728,Paralegal
Sybila,Spottiswoode,913-481-1915,Design Engineer
Hyman,Badger,737-622-0072,Information Systems Manager
Algernon,Grigorio,367-679-0412,General Manager
Harriott,Patzelt,812-908-3243,Desktop Support Technician
Ingaberg,Kingswell,754-936-6442,Developer IV
Vivianna,Gregh,150-733-7893,Marketing Manager
Mathian,Danilovitch,932-543-1077,Senior Sales Associate
Fabian,Brooksbank,200-110-1371,Web Developer IV
Hyman,Pala,917-314-5777,Community Outreach Specialist
Marcie,De Ruggero,601-482-8651,Analog Circuit Design manager
Cynde,Eager,143-209-9149,Statistician III
Thorny,Lavrinov,194-584-6301,Compensation Analyst
Bartolomeo,Furlong,820-680-6604,Compensation Analyst
Calv,Osgood,152-497-9001,Account Representative II
Melisa,Clemens,714-280-1096,Analog Circuit Design manager
Sharline,Tutill,202-560-6032,Associate Professor
Paddie,Dike,143-996-0648,Database Administrator II
Alfons,Dymond,204-873-1634,Financial Advisor
Bill,Attyeo,107-488-9325,Community Outreach Specialist
Hazlett,Palmby,440-506-9148,Chemical Engineer
Ivonne,Treweke,297-897-5205,Automation Specialist IV
Janelle,Melpuss,620-763-5404,Recruiting Manager
Bald,Benns,748-627-7482,Community Outreach Specialist
Koo,Cromett,993-296-8531,Human Resources Assistant III
Dorry,Rothwell,714-522-1828,Editor
Janna,Dobbing,837-532-1857,Junior Executive
Adi,Gallehawk,683-249-9916,Civil Engineer
Ralf,Witling,705-992-1765,Paralegal
Willi,Le feuvre,338-918-1114,Electrical Engineer
Electra,Walkey,569-478-2754,Assistant Media Planner
Dorothee,Leteurtre,698-593-9758,Paralegal
Towny,Tackell,407-912-6708,Graphic Designer
Idelle,Truse,576-359-6054,Marketing Assistant
Coop,Willmetts,278-528-7888,Software Engineer III
Rubin,Humbles,515-712-2250,Recruiting Manager
Katalin,Sidden,200-521-3955,Occupational Therapist
Liz,Carcass,314-184-6545,Dental Hygienist
Trevor,Leadley,850-159-8259,Senior Sales Associate
Ertha,Thouless,186-844-0599,Senior Editor
Bobette,MacKinnon,188-411-1913,Internal Auditor
Nollie,Britten,427-809-9731,Research Nurse
My,Gershom,343-338-0884,Help Desk Operator
Hobey,Amberson,718-828-6119,Assistant Manager
Grazia,Shovlin,583-804-7171,Programmer Analyst III
Audie,Sultan,209-813-9545,Mechanical Systems Engineer
Teressa,Awde,607-123-7504,Actuary
Reggi,Vahl,348-995-4741,Junior Executive
Elsey,Casse,752-975-2994,Research Nurse
Anson,Flahy,317-902-4802,Tax Accountant
Lucienne,Westmarland,572-875-5878,Recruiter
Belita,Glasscott,983-948-6717,Assistant Media Planner
Catlin,Cockerham,668-825-6711,Budget/Accounting Analyst II
Nathanil,Cominetti,879-179-6951,Electrical Engineer
Matty,McDermot,183-338-1881,Marketing Manager
Andree,Drife,288-668-4976,Executive Secretary
Rainer,Pickwell,779-193-6059,Account Representative I
Yale,Crevy,263-715-5622,Information Systems Manager
Marietta,Wortman,122-471-9588,Research Nurse
Augustina,Clougher,650-822-9131,Software Consultant
Maryrose,Shakesbye,860-521-3056,Product Engineer
Inness,Basezzi,777-203-8226,Design Engineer
Candide,Lownsbrough,124-615-4168,Software Consultant
Evaleen,Bagguley,119-690-1215,GIS Technical Architect
Barbara-anne,Kynaston,664-311-3954,Accounting Assistant I
Burch,Curtayne,431-346-0852,Accounting Assistant IV
Mallory,Betchley,552-376-0954,VP Sales
Gwenette,Gorhardt,933-234-6667,Design Engineer
Odelinda,MacAirt,356-125-8042,Budget/Accounting Analyst II
Darby,Streetley,393-877-1178,Assistant Professor
Quillan,Stelli,535-677-3499,Senior Cost Accountant
Celie,Gorch,391-368-9533,Staff Scientist
Sydel,Stockin,989-961-5078,Developer I
Kendricks,Sinkinson,951-776-9515,Accountant I
Lorna,Martt,869-974-7613,Nurse
Neddy,Plait,727-468-2536,Human Resources Assistant II
Olia,Auchterlonie,970-716-5798,Research Assistant II
Lockwood,Coppard,339-399-3382,Executive Secretary
Filia,Mark,651-354-1667,Internal Auditor
Bo,Iacovucci,495-481-3155,Engineer IV
Marielle,Surmeir,284-295-7232,Administrative Officer
Gene,Caze,504-637-2368,Senior Sales Associate
Deidre,Hurren,145-343-1515,Librarian
Gael,Hailes,217-661-9016,Actuary
Murry,Dunkerly,330-782-3644,Assistant Media Planner
Husain,Mc Harg,485-710-0114,Accounting Assistant III
Claiborn,Springall,255-469-8206,Compensation Analyst
Vinson,Viney,505-272-3637,Community Outreach Specialist
Nettie,Schall,748-838-3444,Clinical Specialist
Hurleigh,Wasteney,811-937-1376,Structural Analysis Engineer
Nichols,Perdue,264-559-9047,Geological Engineer
Daron,Mizzen,314-632-9613,Business Systems Development Analyst
Cris,Blasl,281-189-4172,Nurse Practicioner
Mabel,Walczak,797-234-9662,VP Sales
Waldemar,Georgeot,433-947-4931,Computer Systems Analyst II
Amii,d'Arcy,916-171-0581,Media Manager I
Rurik,Mooring,169-948-2570,Media Manager III
Bennett,Calladine,504-127-9197,Project Manager
Suzann,Serot,353-210-2400,Staff Scientist
Clyve,Spight,586-882-9264,Analyst Programmer
Merilee,Itzhaki,273-123-0792,Senior Editor
Isis,Mullan,926-385-9700,Statistician II
Brana,Povey,499-712-8531,Automation Specialist IV
Julian,Guyonneau,780-943-3741,Staff Accountant II
Kerby,Warry,575-493-5857,Paralegal
Baillie,von Nassau,319-527-6750,VP Product Management
Tamera,Saing,680-554-6374,Health Coach II
Susanna,Cleever,684-555-2188,Assistant Media Planner
Allie,Balser,952-586-4233,Account Representative IV
Lotty,Tankin,231-584-3275,Health Coach I
Abbi,Hand,949-890-0161,Social Worker
Vance,Blencowe,195-885-5671,Marketing Manager
Florella,Geikie,120-892-2355,Marketing Manager
Adella,Dinsell,535-489-6385,Executive Secretary
Ivar,Senten,741-397-3614,Product Engineer
Evangelin,Burston,192-520-2825,Statistician I
Fielding,Warren,921-109-4632,Assistant Media Planner
Missy,Sunley,890-749-0288,Software Test Engineer I
Willey,Stuckow,835-213-6215,Environmental Specialist
Dede,Bernaciak,364-679-9705,Pharmacist
Jerri,Collomosse,837-322-6445,Developer III
Jermayne,Mallaby,186-949-7864,Media Manager III
Abigale,Stubbes,625-643-0045,Help Desk Technician
Deonne,Strathern,342-146-2748,Registered Nurse
Candida,Godbolt,905-296-6889,VP Quality Control
Lorianne,Simmance,529-944-0193,Account Executive
Alphonso,Blackly,296-777-9708,Senior Sales Associate
Damien,Levey,571-595-6220,Administrative Officer
Gearard,Lucian,144-363-3986,Database Administrator I
Hurley,Whetton,973-370-8771,Chief Design Engineer
Norma,Moles,960-928-8675,Chief Design Engineer
Ricardo,Bossingham,687-935-5090,Teacher
Lyle,Phidgin,187-341-4424,Dental Hygienist
Hughie,Housby,699-966-4750,Electrical Engineer
Trista,Conybear,248-905-9758,Research Associate
Winnifred,Trubshaw,289-767-1963,Research Associate
Lynna,Cavanagh,477-626-9090,Staff Scientist
Peterus,Adamovitch,187-948-1899,Assistant Media Planner
Dee,Gratton,369-492-8590,Assistant Manager
Mohammed,Sandford,988-101-0710,Programmer Analyst I
Colman,Gilbertson,451-659-1257,Data Coordinator
Abby,Occleshaw,516-128-4696,Research Assistant IV
Sharron,Jillett,167-663-3725,Junior Executive
Alexina,Cameli,758-255-0983,Nuclear Power Engineer
Jania,Nerval,758-614-3073,Recruiter
Robinet,O'Hdirscoll,123-818-8460,Software Consultant
Noemi,Godar,536-935-3239,Media Manager II
Jillie,Caddock,216-170-8230,Accounting Assistant II
Kendal,Cawthra,171-236-5606,Clinical Specialist
Concettina,Nowakowski,533-818-1844,Internal Auditor
Eleanor,Nozzolinii,271-740-7317,Budget/Accounting Analyst I
Kelsy,Grigoletti,982-985-2771,Junior Executive
Hilario,Downse,914-632-7772,Software Consultant
Mandi,Chester,165-769-6082,Actuary
Dolley,Upchurch,606-238-7648,Quality Engineer
Ransom,Giddins,867-124-6387,Account Executive
Kaila,Poure,695-942-2454,Research Associate
Elly,Elliff,520-476-3048,Structural Engineer
Rudd,Kill,399-370-4211,Payment Adjustment Coordinator
Inglis,Donnell,995-817-4369,Editor
Cherish,Tatersale,506-200-8350,Systems Administrator IV
Linda,Fellman,922-444-9018,Structural Engineer
Chanda,Forsdike,142-233-7890,Accounting Assistant II
Lorne,Bedburrow,774-352-9930,Administrative Assistant III
Alvis,Chellingworth,769-416-6525,Assistant Media Planner
Roxanna,Maha,423-429-7566,VP Quality Control
Emmalee,Clemanceau,471-432-0421,Technical Writer
Derk,Blackmoor,131-518-1894,Teacher
Scarlet,Butt Gow,172-834-1638,Chief Design Engineer
Gabriela,Filchagin,869-736-8666,Geological Engineer
Ashien,Scough,479-841-3607,Administrative Assistant IV
Lyndsey,Dalgety,751-730-2764,Desktop Support Technician
Dexter,Merida,106-503-1254,Help Desk Operator
Minta,Saunper,903-125-0983,Nuclear Power Engineer
Cherilyn,Cultcheth,901-614-9372,Recruiter
Darleen,Chatin,837-376-0143,Financial Analyst
Tiffi,Gredden,630-569-3589,Recruiter
Marys,Zimmer,160-210-7834,Payment Adjustment Coordinator
Olimpia,Lawee,896-273-1478,Quality Engineer
Feodora,Vasishchev,351-621-5152,Web Developer II
Jo,O'Rodane,738-130-6323,Programmer IV
Sisely,Grayston,370-321-3314,Professor
Gaven,Cappel,566-801-5543,Product Engineer
Marven,Schleswig-Holstein,268-305-5115,Senior Quality Engineer
Giffie,Bergin,708-575-0293,Legal Assistant
Lelia,Bergstrand,374-723-7618,Nurse Practicioner
Trina,Douty,187-446-6135,Administrative Officer
Daren,Djokic,753-658-4114,Help Desk Technician
Wynne,Eivers,441-315-1388,Accountant III
Adelbert,Frogley,346-939-8382,Research Associate
Agata,Tubbs,744-829-9390,Human Resources Assistant III
Betta,Donnelly,305-241-9505,Structural Engineer
Spencer,Dunbleton,849-869-3429,Senior Sales Associate
Ashely,Tingley,807-479-6221,Web Developer III
Ado,Charlwood,982-304-9586,Research Nurse
Dode,Grishakov,334-915-3998,Web Designer I
Rodd,Domini,626-547-5432,VP Product Management
Brien,Cattemull,391-535-3159,Media Manager IV
Cassandry,Matley,559-644-8749,Human Resources Manager
Danni,Oxshott,652-726-2605,Research Associate
Roger,Bradock,503-835-9279,Senior Cost Accountant
Halie,Brelsford,749-234-1399,Nuclear Power Engineer
Katie,Lansbury,806-576-1073,Structural Analysis Engineer
Carma,Blueman,542-478-4266,Senior Sales Associate
Joaquin,Fallen,816-365-0789,Marketing Manager
Klara,Convery,215-676-3344,VP Accounting
Codi,Ghiron,548-316-1498,Community Outreach Specialist
Blithe,Pelman,370-211-6363,Actuary
Tabbitha,Bernardotti,608-126-4218,Senior Quality Engineer
Agosto,Lambert,833-471-6579,Nurse
Caleb,Emeline,481-340-7545,Automation Specialist II
Arel,Ceaplen,603-515-7289,Associate Professor
Ingemar,Seleway,718-373-5246,Programmer Analyst II
Edi,Jagson,709-158-1388,Financial Analyst
Hilary,Teasell,447-843-3811,Cost Accountant
Collette,Halsey,119-214-4111,Media Manager III
Wrennie,Waywell,612-929-1185,Health Coach II
Jeff,Netti,441-777-5052,Community Outreach Specialist
Suellen,Boorer,487-699-6192,Developer I
Mike,Zarfat,532-418-4881,VP Sales
Lee,McKevany,227-767-2934,Help Desk Operator
Waylen,Tale,656-449-4263,Physical Therapy Assistant
Bobbi,Teaze,613-236-5731,Electrical Engineer
Mella,Ebbitt,180-526-1733,Account Executive
Ulrich,Godsafe,697-223-4216,Physical Therapy Assistant
Kirstyn,O' Molan,404-137-8015,Geologist I
Yvon,Scales,283-555-6308,Account Coordinator
Stanfield,Davidovitch,704-649-5719,Computer Systems Analyst IV
Dusty,Indruch,988-848-9067,Design Engineer
Bette-ann,Durrance,827-308-7561,Structural Analysis Engineer
Etan,Bullan,284-333-3726,Teacher
Willdon,Skip,120-249-6375,Administrative Officer
Moritz,Dainter,733-715-9596,Food Chemist
Johnathan,Medlar,835-127-8026,Librarian
Floyd,Samter,437-438-9661,Chemical Engineer
Mattie,Brickell,685-255-8196,Sales Associate
Arlen,Lawerence,170-997-5321,Nurse
Stu,Glasman,829-640-2781,Marketing Assistant
Gerry,Wildor,238-141-7088,Executive Secretary
Osborne,Kleinber,378-725-4129,Librarian
Damita,Perutto,213-220-2702,Food Chemist
Willa,Kamen,746-665-0080,Civil Engineer
Kacey,Fairnington,125-159-1748,Data Coordinator
Haywood,Lightwood,196-292-9333,Assistant Manager
Clara,Pfaff,971-902-1504,Help Desk Technician
Stormy,Lorens,200-275-0116,Accounting Assistant III
Olwen,Wolfit,354-218-6950,VP Sales
Vance,Santarelli,157-518-0336,Administrative Assistant II
Benetta,Fominov,544-675-0188,Accountant I
Hoebart,Ramsey,485-238-7412,Technical Writer
Elly,Cossem,854-121-7592,Teacher
Mallory,MacArd,661-727-3837,Assistant Professor
Jamie,Butner,833-719-0275,Marketing Assistant
Olin,Segeswoeth,946-529-1531,Safety Technician I
Dusty,Snaddin,940-480-2090,Electrical Engineer
Orran,Littell,424-420-7075,Help Desk Operator
Arny,Vice,484-887-2502,Pharmacist
Vick,Piner,339-370-8488,Quality Control Specialist
Jasun,Tanguy,261-823-5600,Legal Assistant
Janis,Eringey,280-239-9767,Senior Cost Accountant
Esta,Greste,561-409-9127,Data Coordinator
Elvera,Fricke,530-354-1028,Human Resources Assistant I
Eugen,Benfell,529-618-3195,Desktop Support Technician
Bonnibelle,Sutherden,926-590-1831,Junior Executive
Haily,Eveque,645-226-1981,Technical Writer
Anet,McMoyer,648-673-1734,Clinical Specialist
Conant,Lumm,545-125-7503,Software Consultant
Bing,Noquet,656-154-1224,Sales Associate
Ginger,Cookney,763-438-4944,Junior Executive
Betta,Crame,600-241-5611,Civil Engineer
Jarret,Severns,215-699-5094,Biostatistician I
Marena,Danett,421-502-5347,Nurse Practicioner
Sydney,Rickard,349-412-1782,Staff Accountant IV
Gracie,Effaunt,782-836-5525,Librarian
Katinka,O' Meara,160-115-7504,Marketing Assistant
Marcelline,McGloughlin,302-244-5032,Operator
Roosevelt,Kirvell,991-695-6507,Sales Associate
Angele,Blanchet,642-997-9639,General Manager
Parnell,Seely,863-110-0922,Assistant Professor
Dall,Sharratt,386-534-1135,VP Quality Control
Garnet,Chape,852-399-3825,Software Test Engineer III
Josselyn,Braven,372-242-2716,Staff Accountant III
Colene,Ambroz,657-525-1588,VP Quality Control
Wynn,Trewman,910-349-7945,Dental Hygienist
Karlan,Wybrow,626-306-3615,Librarian
Jaime,Hardingham,492-575-4073,Web Designer II
Glynda,Dight,679-933-6001,Cost Accountant
Danny,Redmile,535-384-2397,Software Consultant
Tonnie,Demougeot,196-243-3476,Actuary
Tabbie,Kinset,414-200-1507,Research Associate
Hamel,Laffranconi,804-754-3060,Research Assistant III
Shurwood,Toseland,317-551-6504,Account Coordinator
Skippy,Glader,237-232-2521,Information Systems Manager
Doti,Searsby,940-962-1531,Dental Hygienist
Osbourn,Lohrensen,671-629-7588,Structural Engineer
Avery,Labbe,366-821-9815,VP Sales
Waldemar,Costello,657-195-9507,Accountant I
Anissa,Oliveira,492-942-1389,Analyst Programmer
Maud,Corking,767-635-4281,Electrical Engineer
Korella,Asquith,692-638-2659,Senior Financial Analyst
Lowe,Yedall,303-341-1431,Account Representative II
Richie,Lilion,263-913-1570,Account Executive
Georgy,Skellorne,221-553-3738,Chief Design Engineer
Jess,Conkie,759-814-5783,Dental Hygienist
Audre,Barth,682-144-9558,Internal Auditor
Emanuel,Kain,461-867-2556,Information Systems Manager
Gustavus,Haslin,503-153-3555,Web Developer I
Ynes,Abazi,459-456-9594,VP Accounting
Lacy,McMonnies,444-768-2984,VP Marketing
Addia,McGaugan,922-732-7188,Payment Adjustment Coordinator
El,Nettle,636-951-2709,Community Outreach Specialist
Darill,Cullington,139-278-2922,Actuary
Janeva,Hansill,714-418-0833,VP Accounting
Delcina,Ranyelld,177-828-8934,Associate Professor
Eddi,Plevey,959-120-9176,Quality Control Specialist
Oona,Jacobson,913-975-9779,Budget/Accounting Analyst II
Nina,Gately,788-604-1412,Account Coordinator
Brent,Greenin,441-278-0350,Programmer I
Neila,McKenzie,547-784-3549,Systems Administrator III
Bear,Bristo,926-631-3841,Business Systems Development Analyst
Archibaldo,Pottery,779-348-8873,Speech Pathologist
Sanderson,O'Garmen,500-955-6090,Actuary
Darb,Kembley,107-209-0510,Web Designer IV
Georas,Lemon,608-437-5382,Account Representative II
Theressa,Lazell,469-469-5586,Social Worker
Tito,Prangley,115-167-6063,Health Coach III
Brandie,Whyteman,757-795-5790,Web Developer IV
Stephannie,Boyde,986-529-3699,Programmer Analyst III
Harold,Bahls,649-454-8939,Internal Auditor
Leeland,Windham,723-263-5412,Actuary
Benny,Hovel,659-202-0991,Registered Nurse
Suki,Jacobsson,873-976-3109,Tax Accountant
Garner,Abbis,903-101-7223,Geologist IV
Gallagher,Hubane,186-906-1656,Geological Engineer
Maryjo,Dyster,494-709-6649,Senior Financial Analyst
Vivianna,Londors,408-721-6711,Nurse
Ken,Danilenko,760-687-6746,Desktop Support Technician
Avigdor,Izzard,418-640-9746,Software Test Engineer III
Cammy,Dobbins,755-778-1409,Senior Developer
Lavena,Davydzenko,762-247-9851,VP Sales
Rochelle,Boydon,818-139-9018,Technical Writer
Fanya,Rubinchik,718-691-0069,Executive Secretary
Henry,de Pinna,288-257-4845,Recruiter
Jeramey,Hedger,640-648-4089,Web Developer IV
Eugen,Defew,101-936-3938,Engineer III
Charis,Ferrettino,918-429-3902,Developer IV
Brenna,Eyers,543-933-1956,Programmer I
Louisa,Piniur,821-572-6885,Civil Engineer
Tarrah,Martinovsky,373-764-2879,VP Sales
Zahara,Tovey,795-146-7680,Food Chemist
Kellby,Clendinning,480-131-2049,Research Nurse
Frances,Kleinmintz,474-627-7151,Business Systems Development Analyst
Teddi,Wallis,450-594-2626,Human Resources Assistant I
Maisie,Kettlestring,416-983-8874,Junior Executive
Shayne,Stoven,218-885-6496,Senior Editor
Kerrie,Wilmington,724-463-5798,Database Administrator IV
Zora,Vose,674-520-8894,Media Manager II
Julie,Tapenden,746-611-8226,Registered Nurse
Karina,Hacquoil,875-643-2773,Human Resources Manager
Erasmus,Domek,658-287-0580,Research Nurse
Hynda,Kenyon,613-740-4674,Statistician IV
Marena,Gorke,898-466-4213,Financial Analyst
Rik,Rossborough,438-137-6726,Environmental Specialist
Archy,Clashe,477-531-9516,Software Consultant
Camile,Terrington,311-487-6240,Environmental Tech
Meggy,Lush,573-141-0746,Account Representative IV
Bronnie,Gilvear,831-331-5080,Help Desk Technician
Collin,Vass,583-865-8184,Developer I
Gloria,Cail,100-152-2867,Food Chemist
Constancia,Challen,343-478-8206,Sales Representative
Beverlie,Joney,829-782-9743,Quality Engineer
Aharon,Knoble,992-309-3411,Automation Specialist I
Arlinda,Dorkens,606-301-5222,Data Coordinator
Margaretta,Yelland,143-684-8947,Account Executive
Sybil,Paradin,319-989-2155,VP Sales
Zarah,Mityashin,536-980-9020,Teacher
Perry,Ruttgers,999-534-5057,Account Representative IV
Tonya,Jackways,505-607-9777,Quality Engineer
Godwin,Witcomb,144-328-1558,Junior Executive
Wolfy,Sagg,650-999-5232,Office Assistant III
Marchelle,Rodrigues,239-586-5840,Account Representative III
Ignaz,Merdew,861-732-9979,Operator
Pegeen,Newall,504-319-2222,Software Consultant
Chad,Darkins,806-318-1866,Assistant Media Planner
Leda,Klessmann,126-476-9629,Business Systems Development Analyst
Janice,Melliard,788-819-8099,Nurse Practicioner
Stavros,Gallico,873-160-2700,Staff Accountant I
Neal,Kingerby,767-448-0488,Geological Engineer
Tait,Vivyan,916-507-2364,Health Coach II
Winn,Beachamp,328-264-7411,Senior Developer
Karia,Khomin,848-927-2888,Payment Adjustment Coordinator
Gleda,Pockey,938-497-6257,Community Outreach Specialist
Judas,Wimpress,332-983-5521,Cost Accountant
Duffie,Blench,855-126-8427,Sales Representative
Corilla,Brankley,609-494-9100,Senior Editor
Melany,Kemshell,679-673-1393,Director of Sales
Christine,Tansley,695-557-8457,Social Worker
Claudianus,Broadey,658-938-1374,Electrical Engineer
Mitzi,Eallis,875-449-2080,Chemical Engineer
Johnna,Smorthwaite,748-436-8671,Programmer Analyst I
Roscoe,Crystal,446-651-1761,Quality Control Specialist
Tiffany,Hamblin,931-304-2739,Automation Specialist I
Fair,Hinrichsen,251-745-9725,General Manager
Loren,Olsson,252-130-2171,Research Associate
Benedikta,Ceschelli,641-310-4341,Teacher
Dewey,Reijmers,472-330-6849,Programmer Analyst I
Angelo,Riseborough,614-794-4851,VP Accounting
Glynnis,Mallinar,477-525-7175,Database Administrator III
Reinhard,Kobiera,447-204-3741,Safety Technician I
Kristal,Eburne,184-984-8771,Information Systems Manager
Othilie,Cheng,266-121-8851,Speech Pathologist
Glenda,Leete,105-918-4448,Business Systems Development Analyst
Abie,Jaggard,389-941-4482,Geologist III
Hillier,Petyakov,999-370-8574,VP Accounting
Pattie,Gilardoni,970-286-8759,Sales Representative
Christoph,Pothergill,109-975-3905,Senior Financial Analyst
Corey,Strewthers,134-387-5069,Cost Accountant
Jesselyn,Spiller,910-979-7423,Senior Developer
Luisa,Booij,242-569-8383,Cost Accountant
Blane,Pullinger,428-833-5317,Recruiter
Witty,Scoffins,320-204-5193,Marketing Manager
Sasha,Rolfe,920-847-0558,Marketing Manager
Else,Downing,447-602-1722,Administrative Officer
Moishe,Barrett,745-463-3190,Graphic Designer
Noel,Findlow,850-512-8929,Director of Sales
Eudora,Tousey,103-985-3756,Professor
Lane,Rossoni,720-513-7287,Project Manager
Sharleen,Heiner,409-156-8313,Speech Pathologist
Gardener,Minero,442-812-8712,Pharmacist
Roxie,Leahair,474-892-5177,Professor
Yvonne,Kleint,663-487-0223,Media Manager IV
Marys,Danhel,224-275-1642,Librarian
Erena,Novakovic,554-768-1490,Nurse
Mahalia,Kunc,380-909-0909,Engineer I
Krissie,O'Conor,171-732-5578,Nurse
Valeda,Ganter,976-777-2597,Financial Analyst
Danya,Longmore,121-279-5149,Safety Technician III
Rosanna,Oda,732-591-6274,Research Assistant III
Marla,McSwan,549-676-1789,Environmental Specialist
Jarrid,Hoppner,467-861-4115,Social Worker
Hannis,Leverich,377-738-5618,Human Resources Manager
Analise,Vaney,600-627-5212,Software Engineer III
Mikkel,Hannan,709-657-9126,Quality Control Specialist
Candis,Trimmill,457-489-2121,Geological Engineer
Kerwinn,Matissoff,950-808-1739,Accounting Assistant IV
Ruby,Messom,977-888-6068,Assistant Professor
Jimmie,Chazotte,817-370-2270,Cost Accountant
Katine,Forre,282-209-8430,Sales Associate
Minor,Reedyhough,840-552-7172,Analog Circuit Design manager
Coraline,Kleinhausen,717-929-1429,Biostatistician I
Libbie,Bartoleyn,689-885-7178,Senior Developer
Jeremias,Russen,361-528-2056,Desktop Support Technician
Katharina,Ausello,389-941-7864,Nuclear Power Engineer
Norine,Brumbye,582-742-9898,Administrative Assistant IV
Bette,Gowenlock,595-671-3757,Nuclear Power Engineer
Phillida,Matantsev,972-641-6028,Project Manager
Jay,Husset,874-806-3327,Quality Engineer
Kailey,Cescon,328-348-1213,Physical Therapy Assistant
Auguste,Trebble,552-317-7161,Help Desk Operator
Roobbie,Sciusscietto,639-469-5874,Desktop Support Technician
Legra,Musgrave,835-608-0064,Accounting Assistant III
Zak,Haibel,244-818-1329,Dental Hygienist
Rozina,Masey,698-376-4353,Information Systems Manager
Rafa,Wrankmore,666-984-8328,Graphic Designer
Athene,Andreucci,708-999-5746,Accounting Assistant IV
Caspar,Saunderson,695-966-6949,Community Outreach Specialist
Arte,Cullingford,277-858-3863,Safety Technician III
Ofella,Chandlar,824-606-5865,Programmer II
Violet,Nineham,118-791-7051,Biostatistician I
Haley,Gudgion,678-964-2255,Chemical Engineer
Roddy,Curtain,862-965-5046,Staff Accountant I
Constantino,Bert,427-699-6289,Graphic Designer
Sharleen,Wylam,169-105-7348,Project Manager
Slade,Kayzer,278-592-2108,Web Developer I
Bernie,Lamblin,653-788-0792,Analog Circuit Design manager
Arin,Bruyett,793-418-4783,Cost Accountant
Vania,Rummings,231-948-1295,Chief Design Engineer
Ingeberg,Manicom,397-336-2846,Paralegal
Wittie,Cambling,372-125-2409,Sales Associate
Leonardo,Heinzler,695-882-1815,Sales Representative
Vania,Chrispin,615-628-2298,Staff Scientist
Dani,Milson,655-968-0282,Chief Design Engineer
Sandor,Annesley,727-308-9740,Environmental Specialist
Logan,Goodings,646-231-0793,Senior Financial Analyst
Keenan,Freda,416-278-9463,Social Worker
Dionne,Blake,563-589-9514,Civil Engineer
Carlie,Evitt,646-677-5030,Administrative Officer
Margot,Redan,490-601-7484,Programmer Analyst IV
Jannel,Tithacott,975-264-1766,Legal Assistant
Fredericka,Symmers,735-704-5982,Structural Analysis Engineer
Galven,Woodruffe,804-704-4569,Financial Advisor
Crosby,Lockhead,437-609-9998,Information Systems Manager
Jolene,Wingham,209-739-9191,Tax Accountant
Colman,Gresser,864-651-7208,Registered Nurse
Carey,Griss,621-357-5748,Geological Engineer
Crystie,Chesson,769-893-3570,Dental Hygienist
Price,McClinton,107-465-8299,Analyst Programmer
Shawna,Fasset,447-917-0664,Systems Administrator II
Danit,Lening,869-295-4372,Environmental Specialist
Otis,Rogge,862-178-4787,Account Representative III
Adam,Bufton,564-969-1322,Health Coach II
Cathy,Skittles,421-562-7072,Environmental Tech
Floyd,Caesar,653-749-2795,Account Coordinator
Norean,Haresnaip,247-424-7494,Budget/Accounting Analyst III
Nertie,Theis,345-309-4009,Account Executive
Colas,Denver,503-710-7804,Systems Administrator III
Donna,de Nore,327-200-5059,Project Manager
Marcel,Martonfi,965-889-8653,Software Engineer I
Rhiamon,Denington,990-267-6800,Project Manager
Sandor,Mundee,184-414-9587,Marketing Manager
Leola,Elix,471-299-0250,Professor
Ingaborg,Rowling,529-471-9935,Staff Scientist
Grannie,Shapiro,343-329-7319,Research Assistant II
Ky,Scripture,501-218-3281,Senior Sales Associate
Weidar,Bale,781-984-5044,Electrical Engineer
Hurley,Chasteau,628-887-4683,Structural Analysis Engineer
Marthe,McCunn,332-466-5216,Senior Editor
Kip,Blazejewski,288-677-5434,Chief Design Engineer
Giorgio,Braune,617-639-5171,Executive Secretary
Arty,Newark,864-354-3619,Data Coordinator
Rawley,Durning,611-629-3836,GIS Technical Architect
Skell,Yabsley,117-820-8511,Junior Executive
Wye,Sowthcote,694-431-1006,Human Resources Assistant II
Jennette,Hymans,102-175-2402,Engineer II
Alejoa,Sara,621-934-6705,Teacher
Elise,Duerdin,730-630-8256,Geologist II
Aleksandr,Rockell,149-271-0217,Senior Sales Associate
Angeline,Abilowitz,611-508-2368,Developer III
Rosalinda,Costard,353-766-3535,Senior Developer
Meryl,Dahlberg,340-476-4033,Geologist II
Aarika,Arnely,968-643-8770,Office Assistant I
Caritta,Treeby,211-242-3392,Safety Technician II
Dosi,Dewer,711-946-8425,Recruiting Manager
Bernita,Pearson,670-566-4544,VP Sales
Fred,Springall,931-445-9052,Chief Design Engineer
Bobette,Batham,599-580-9843,Information Systems Manager
Carine,Momery,435-577-4572,Registered Nurse
Carmina,Clough,277-514-7016,Registered Nurse
Gnni,Blackler,995-862-5293,Analyst Programmer
Trenton,Benning,731-867-4712,Editor
Allistir,Godlee,805-703-3476,Senior Financial Analyst
Ludovika,Dallander,110-971-3994,VP Marketing
Ad,Alsford,929-954-1934,Quality Control Specialist
Atalanta,Nairns,332-227-4620,Actuary
Janie,Choat,954-423-4240,Legal Assistant
Elene,Kopelman,718-491-0956,Systems Administrator I
Lynett,Starling,206-296-5814,Senior Editor
Adelaide,Bowcher,714-946-2660,Quality Engineer
