name,address,city
Thoughtmix,28 Mandrake Drive,Tanenofunan
Trunyx,13 Rusk Avenue,Străşeni
BlogXS,1164 Thierer Trail,Yunmen
Fivechat,68053 Mcbride Way,Prévost
Wikivu,69 Portage Avenue,Tikiw
Oba,55 Bartelt Hill,Oskarshamn
Abata,21354 Bartillon Point,Svetlyy Yar
Kimia,19 Mallory Place,Wangqu
Oyonder,1225 Elmside Park,Kuching
Eimbee,94 Harbort Crossing,Abóboda
Edgeify,420 Saint Paul Parkway,Chartres
Pixoboo,003 Fairfield Road,Aix-les-Bains
Oyoloo,692 Anderson Trail,Libacao
Edgepulse,276 Kenwood Lane,Nguigmi
Bluezoom,8879 Pierstorff Pass,Mîndreşti
Yata,27 Hansons Pass,Kaingiwa
Yodo,36342 Algoma Center,Yanling
Rhybox,83266 Farmco Park,Santa Rosa
Trunyx,200 Service Road,Tawen Aobao
Trudoo,11 Clarendon Junction,Ishim
Bluezoom,1342 Oak Valley Park,Hengjian
Topiclounge,38 Linden Place,Alajuela
Plambee,17559 Daystar Hill,Dawang
Thoughtbeat,5 Jenna Point,Lokot’
Flipopia,785 Florence Avenue,Orléans
Tagtune,29 Washington Trail,Plymouth
JumpXS,0 Charing Cross Way,Benešov
Vipe,57 Oak Crossing,Jaguariaíva
Pixoboo,26 Bellgrove Point,Aulnay-sous-Bois
Aimbu,7 Longview Court,Šuto Orizare
Twimm,4629 Crescent Oaks Trail,San Francisco de Yare
Oyoloo,03 Old Shore Point,Kuybyshev
Aimbo,381 Stang Pass,Hujiaying
Bluejam,3 Mitchell Parkway,Tubod
Buzzdog,22 Luster Plaza,Shuangta
Quinu,6132 Beilfuss Park,Ekenäs
Yoveo,915 Roth Center,Marína
Mita,0 Lotheville Way,Ljubno ob Savinji
Innotype,98321 Del Sol Parkway,Oster
Lazzy,0 Melody Center,La Tour-du-Pin
Podcat,2331 Dexter Junction,Dahu
Buzzdog,4 Buena Vista Lane,Lagunillas
Wordware,8491 Glacier Hill Drive,Huangni
Dablist,14842 Lukken Trail,Manukau City
Twitterworks,0 Toban Lane,Anār Darah
Skiptube,675 Bayside Plaza,Huachos
Aimbu,462 Brentwood Terrace,San Fernando
Vidoo,83 Surrey Parkway,Shenavan
Tagchat,50 Florence Pass,Örebro
Layo,74685 Pine View Park,Vagos
Zoombox,96258 Banding Terrace,Achoma
Skilith,225 Ludington Hill,Binuangeun
Latz,0698 Sycamore Street,Jednorożec
Feedbug,03 Warner Place,Taihe
Photobean,8287 Mifflin Parkway,Chaguaramas
Kazu,440 Shopko Road,Randegan
JumpXS,496 Kim Drive,Mutang
Buzzster,9 Boyd Center,Paris 19
Aibox,2433 Di Loreto Lane,Munduk
Meezzy,546 Bellgrove Crossing,Trenton
Yambee,06 Fordem Alley,Kalpin
Photobug,6 Birchwood Park,Bhopālwāla
Browsebug,2 Harper Drive,Xibu
Skinix,15 7th Way,Kariaí
Kwilith,3118 Mallory Drive,Gandrungmangu
Fliptune,3 Pearson Trail,Ke’erlun
Zava,92349 Kim Point,Kutum
Skyba,6007 Alpine Court,Pantai
Divavu,8872 International Alley,Armen
Yodo,9 Cherokee Street,Cagliari
Dabtype,1 Anniversary Way,Bela Vista
Devcast,775 Hoard Plaza,Lipnica
Bluezoom,2329 Gulseth Circle,Ferreñafe
Ainyx,8855 Pennsylvania Trail,Katagum
Muxo,642 Morrow Alley,Marseille
Topdrive,7 Buell Junction,Pliska
Quimm,672 Chinook Crossing,Moravský Krumlov
Aivee,7 Leroy Terrace,Russas
Twimbo,75 Vidon Court,Johor Bahru
Bubblemix,8655 Lyons Point,Frederiksberg
Skibox,13740 Pierstorff Trail,Taganskiy
Devpoint,0695 Golf View Place,Honghua’erji
Chatterbridge,55779 Victoria Plaza,Taganak
Youtags,05 Elgar Way,Dahu
Realfire,42438 Amoth Place,Mizur
BlogXS,26 Jay Drive,Bendungan
Skiba,17 Pearson Road,Bacag
Skippad,18 North Terrace,Vale de Santarém
Flipbug,74698 Helena Park,Grimstad
Skimia,82 Vidon Street,Kombandaru
Vipe,98046 Oxford Junction,Pau
Janyx,5 Cascade Center,Orléans
Thoughtmix,73 Sunfield Terrace,San Casimiro
Mita,98 Blaine Circle,Rokytnice nad Jizerou
Layo,5072 Mcguire Lane,Wangcheng
Blogspan,21 Trailsway Park,Zougang
Yodo,1219 Crownhardt Drive,Minneapolis
Devpulse,7431 Melvin Road,Preserje pri Radomljah
Dabvine,6 Thierer Avenue,Pátmos
Dynava,94 Continental Hill,Borovikha
Talane,286 Donald Circle,Reitoca
Leexo,1 Lakewood Pass,Zvezdara
Yakitri,62 Autumn Leaf Avenue,Turka
Plajo,3544 Clyde Gallagher Center,Ikeja
Podcat,079 Mendota Point,Xiamao
Tazzy,429 Waywood Hill,Moravský Krumlov
Oodoo,51 Shopko Court,Greytown
Zooxo,8249 High Crossing Court,Dauriya
Zoozzy,629 Spohn Point,Zlatar
Thoughtbeat,51605 Cascade Road,Baykonyr
Realcube,15864 Everett Plaza,Mucurapo
Flashdog,9 Onsgard Crossing,Camiri
Yodo,17115 Ilene Park,Saltsjö-Boo
Brainlounge,76 Katie Junction,Hrvatini
Aimbu,0575 Golf Court,Xiushi
Bubbletube,5920 Waywood Trail,Sokolovo
Livetube,258 Burning Wood Alley,Arraial do Cabo
Wikido,3 Beilfuss Pass,Qal‘ah-ye Shāhī
Edgeclub,152 Corry Street,Xinpo
Skalith,68 Debs Parkway,Rojas
Digitube,6 Florence Circle,Leiden
Ooba,00476 Morning Way,Shali
Realbridge,89 Nobel Terrace,Flushing
Trilith,22 Fieldstone Junction,Longra
Latz,33 Meadow Valley Crossing,Ādam
Dynava,56 Northport Street,Phúc Thọ
Skynoodle,57 Schiller Plaza,Hutang
Livetube,4 Victoria Place,Dungkek Laok
Youspan,2 Crest Line Place,Panyam
Leexo,8886 Waxwing Court,Tianhekou
Shuffletag,7604 Stoughton Avenue,Menampukrajan
Katz,109 Debra Way,Rawawilis
Roodel,9423 Lighthouse Bay Lane,Janowiec
Tekfly,6 Truax Junction,Karangtengah
Mynte,86 Meadow Vale Center,Rahama
Tazzy,58529 Gerald Court,Grande Cache
Brainsphere,8161 Glacier Hill Hill,Jantake
Flashpoint,46 Arapahoe Plaza,Qinhong
Yakidoo,4 Bay Hill,Khalopyenichy
Kaymbo,5 Esker Lane,Bielice
Bubblemix,20098 Monterey Center,Porto Real
Fivechat,685 Melby Lane,Biliri
InnoZ,70142 High Crossing Park,Sainte-Geneviève-des-Bois
Izio,32 Truax Hill,Västra Frölunda
Skyvu,6766 Mendota Trail,Billings
Ozu,134 Mosinee Park,Hal’shany
Meejo,57709 Becker Trail,Rodniki
Twinte,39472 Russell Court,Sutton
Oyoloo,5482 Vera Center,La Libertad
Leexo,5 Bunting Circle,Dandu
Topicware,54 Tennyson Road,Klapagading
Roomm,5 Schmedeman Lane,Aengceleng
Shuffletag,2 Mitchell Lane,Velké Pavlovice
Yadel,5 La Follette Place,Arapiraca
Tagpad,0540 Melvin Parkway,Ramon’
Buzzshare,2 Sheridan Way,Sanhe
Aimbo,47551 Melrose Road,Shihuiqiao
Bubblemix,82063 Crescent Oaks Trail,Doro Oo
Mybuzz,24115 Tomscot Court,Marull
Feedfire,8727 Hayes Court,Betania
Topicblab,95369 Schlimgen Trail,San Salvador de Jujuy
Zava,490 Reindahl Park,Balucuc
Kaymbo,4294 Sheridan Court,Wangji
Babblestorm,02228 Fulton Way,Kertasari
Aivee,6 Acker Plaza,Parintins
Edgeblab,61538 Vera Drive,Angao
Fatz,0 Magdeline Trail,Samanco
Thoughtsphere,87 Hayes Avenue,Delta del Tigre
Avaveo,4 Green Hill,Kuivaniemi
Bluezoom,5241 Novick Center,Pszczyna
Einti,45 Pleasure Lane,Busay
Kwinu,926 Holy Cross Plaza,Gujō
Dabshots,55689 Lunder Center,Krmelín
Quinu,50260 Farmco Court,Shediac
Skyndu,594 Crest Line Parkway,Aurillac
Snaptags,6 Schurz Crossing,Dashtobod
Tanoodle,008 Stuart Terrace,Morawica
Realcube,7 Jackson Terrace,Minbu
Bubblemix,1176 Talmadge Center,Xinxikou
Leexo,64924 Nobel Junction,Borås
Jaxspan,0 Sullivan Center,Dailekh
Chatterpoint,21211 Monterey Way,Reutov
Browseblab,125 Lillian Avenue,Qingsong
Skyba,8 Nova Drive,Täby
Voolia,2570 Waywood Park,Xiongchi
Edgepulse,998 Mariners Cove Hill,Uglich
Lazzy,04474 Eggendart Court,Mingyihe
Dabfeed,66486 Northfield Road,Comendador
Kimia,2 Sundown Pass,Piedras
Zava,11 Amoth Terrace,Kolor
Yakidoo,9 Jackson Street,Shchelkovo
Devpoint,09 Morningstar Way,Arcueil
Meevee,198 Claremont Alley,Paço
Dynabox,4 Petterle Parkway,Hpa-an
Rhyzio,7 Thompson Lane,Barão de São Miguel
Mydo,50 Sheridan Pass,Seboruco
Gevee,67 Arkansas Center,Church End
Mynte,43652 Manitowish Parkway,Sorang
Jabbersphere,103 Northview Crossing,Jiepai
Twiyo,2249 Myrtle Lane,Fontvieille
Wordify,425 Orin Parkway,Skinnskatteberg
Brightbean,33 Sherman Alley,Kabongan Kidul
Mybuzz,49431 Melby Circle,Staryy Urukh
Avamba,106 Beilfuss Alley,Lyon
Tanoodle,589 South Circle,Skövde
Mybuzz,41561 Hauk Alley,Sines
Feedfire,6 Vidon Trail,Rudnyy
Eabox,05 Hanover Terrace,Denyshi
Yakidoo,374 Del Sol Drive,Vännäs
Tekfly,253 Riverside Point,La Palma
Blognation,3 Melody Trail,Dong Charoen
Rhyloo,6 Oriole Lane,Cẩm Phả
Mynte,395 Brown Parkway,Yinla
Kazu,79 Jay Crossing,Bloemfontein
Livefish,62 Schiller Way,Goge
Yakijo,89226 Erie Road,El Carmen
BlogXS,663 Loeprich Hill,Jarada
JumpXS,4317 Bowman Avenue,Changqing
Skivee,37 Fieldstone Parkway,Oravais
InnoZ,02431 Manley Junction,Borlänge
Tagcat,2525 American Way,Parung
Quatz,32288 Acker Plaza,Sangtian
Zoovu,6481 Stone Corner Lane,Tonantins
Brainverse,6875 Coleman Center,Sumberpitu
Lazzy,3 Doe Crossing Court,Santyoku
Zava,6624 Cascade Avenue,Opatów
Pixoboo,84269 Gina Trail,Gasa
Podcat,3924 Blackbird Lane,Pakokku
Edgeblab,17 La Follette Road,Taiping
Bubblebox,5 Weeping Birch Road,Jiefang
Linkbridge,8574 Susan Crossing,Sunne
Ooba,99050 Helena Hill,Lebane
Feedmix,27 Glendale Center,Huangzhuang
Rooxo,672 Crowley Court,Buikwe
Flipstorm,89 Parkside Avenue,Garça
Meejo,51779 Duke Center,Jiangcun
Quimm,69 Pine View Place,Juncalito Abajo
Demizz,591 Texas Crossing,Yecun
Eire,90171 Corscot Alley,Xitan
Flashdog,73567 West Street,Bokhan
Bubblemix,081 Marcy Point,Marshintsy
Topiczoom,90 New Castle Road,Nóvita
Realbuzz,45227 Toban Pass,Lisovi Sorochyntsi
Flashset,701 Crownhardt Parkway,La Virgen
Yotz,6 Killdeer Hill,Stockholm
Linkbridge,84105 Hollow Ridge Way,Zhongxing
Dazzlesphere,250 Valley Edge Road,Kauman
Divavu,89 Riverside Hill,Polos
Oyoloo,27 Westend Hill,Lazdijai
Twimbo,3358 Mcguire Center,Boa Esperança
Roombo,5 Fairview Road,Satis
Skidoo,7 Warner Pass,Sumberrejo
Rhyloo,75 Springview Circle,Dayu
Feedbug,31 Brickson Park Way,Novo Hamburgo
Twitterwire,9560 6th Court,Kynopiástes
Quatz,7 Kenwood Drive,Calape
Feedmix,3989 Annamark Trail,Burgeo
Wordpedia,06557 Mcbride Parkway,Żarki
Mymm,28424 Center Point,Baro Kunda
Devbug,269 Golf Course Circle,Sarangmeduro
Plambee,4365 Drewry Street,Nazarje
Cogibox,07704 Golf Avenue,São Félix do Xingu
Bluezoom,70081 Cambridge Trail,Chugay
Mynte,07977 Summer Ridge Drive,Huangtu
Blognation,34366 Lakewood Way,Tupanciretã
Dynazzy,5 Mallory Parkway,Zangbawa
Janyx,96126 Warbler Park,Casa Nova
Voonte,61915 Waubesa Center,Rijau
Tekfly,43 Vera Trail,Erbil
Wordware,94976 Crownhardt Plaza,Kuangshan
InnoZ,3 Nobel Park,Dagui
Tazz,66797 Burning Wood Court,Bardīyah
Tazz,23 High Crossing Circle,Zhenqian
Shufflebeat,30 Granby Junction,Sundbyberg
Zoonoodle,663 Loftsgordon Court,Jingzhou
Topiczoom,223 Morrow Lane,Kolç
Youbridge,9944 Corscot Crossing,Chidian
Buzzbean,79 Fuller Hill,Sezures
Flashdog,4956 Dwight Street,Ambam
Flipbug,9562 Knutson Circle,Keda
Abatz,0 Knutson Alley,Alis
Trilia,1055 Birchwood Hill,Kislovodsk
Photojam,85 Eggendart Street,Nakhabino
Flipbug,5032 Oneill Park,Vällingby
Yotz,44828 Ludington Court,Cilebang Satu
Tagcat,6 Dawn Way,Santiago
Fliptune,384 Sauthoff Terrace,Lwengo
Quinu,5355 Fuller Point,Shar
Mydeo,23 Mallory Crossing,Portobelo
Photofeed,4956 Trailsway Crossing,Lagunillas
Wikibox,94257 Florence Junction,Länsi-Turunmaa
Jaxnation,99 South Park,Krzczonów
Kamba,89 Browning Junction,Mechrá Belqsiri
Roodel,08022 Artisan Parkway,Lichengdao
Youbridge,40867 Bluestem Junction,Nangkasari
Pixope,59683 Springview Alley,Huanggang
Einti,85219 Mccormick Plaza,Malekān
Devpulse,727 Tony Street,Machov
Ailane,31873 Lien Court,Liozon
Skippad,32995 Sunbrook Park,Korçë
Geba,90871 Center Trail,New Haven
Youtags,6455 Shasta Park,Hengxianhe
Katz,3 Glendale Place,Cabreúva
Pixonyx,944 Fair Oaks Place,Na Yung
Tagcat,138 Ryan Park,Mengxi
Blogtag,56284 Melody Trail,Buenavista
Kaymbo,584 Sage Terrace,Žirovnica
Mynte,0212 North Hill,Mascouche
Yacero,2 Knutson Trail,Santa Ana
Cogilith,6 Springs Junction,Adolfo Lopez Mateos
Skyble,30 Grover Place,Kafue
Wikido,6 Algoma Street,Tianchi
Lazzy,51 Boyd Pass,Ljubovija
Rhyzio,3202 Ruskin Avenue,Starigrad
Mymm,02 Heath Center,Nice
Youbridge,56 Mesta Terrace,Rzeczenica
Vipe,77503 Park Meadow Terrace,Vaggeryd
Tagopia,712 Bartelt Crossing,Zverevo
Devbug,295 Ilene Hill,Hanušovice
Devshare,82815 Judy Way,Ostrowite
Ailane,52047 Sloan Way,Gayam
Kare,1 Granby Pass,Santa Rosa
Tavu,7868 Lotheville Street,Ban Na San
Katz,4 Kensington Road,Granada
Plambee,2 Duke Hill,Saint-Bruno
Buzzdog,8 Duke Parkway,Kärdla
Mycat,033 Hanover Place,Auna
Roodel,9884 Granby Place,Yuli
Youfeed,4666 Clove Avenue,Växjö
Zoonoodle,2302 Milwaukee Point,Ibabang Tayuman
Kamba,237 Sachs Circle,Jablonec nad Jizerou
Tagpad,67 New Castle Center,Shijia
Voolith,84 Loomis Way,Envigado
Abatz,255 Daystar Crossing,Chandra
Edgeblab,42 Schlimgen Way,Dangjiaxian
Babblestorm,03 Linden Point,Kaznějov
BlogXS,30 Magdeline Street,Sambirobyong
Skipfire,4 Logan Hill,Starodub
Zoonder,275 Harper Avenue,Palmas
Thoughtbeat,0 Anzinger Way,Murów
Quamba,923 Hayes Avenue,Próti
Thoughtmix,410 Crescent Oaks Parkway,Międzyzdroje
Centidel,831 Monument Hill,Novopodrezkovo
Twitterlist,6 Bobwhite Park,Kilim
Photofeed,7776 Porter Way,Kelapa
Twitterbeat,280 Ryan Terrace,Goz Beïda
Vipe,2034 Russell Court,Tongli
Twitterlist,7 Glacier Hill Avenue,‘Arab ar Rashāydah
Vinder,0038 Summer Ridge Pass,Dalheim
Mybuzz,9 Florence Park,Aguadulce
Buzzster,1714 Commercial Parkway,Swindon
Rhycero,1876 Chinook Junction,Xiuying
Voonte,226 Jay Place,Glugur Krajan
Jabberstorm,28016 Marcy Road,Leninogorsk
LiveZ,3 Trailsway Parkway,Tōgane
Quinu,846 Meadow Valley Street,Lamalera
Realcube,23737 Mayfield Park,Rongkou
Twimbo,4519 Elmside Pass,Ciyu
Rhybox,3 Larry Center,Taouima
Tagpad,125 Westport Center,København
Skyble,46049 Pond Hill,Strelitsa
Twitterwire,3 Burrows Terrace,San Luis del Palmar
Jaxworks,2 Corscot Terrace,Carig
Youbridge,91 Buhler Pass,Sindou
Feedspan,8 Carpenter Park,Jinxiang
Blogspan,240 Superior Hill,Minneapolis
Livetube,67 Meadow Vale Street,Astypálaia
Wordify,100 Village Green Hill,Keli
Pixoboo,7 Buell Park,Nong Ki
Topicblab,1 Marquette Parkway,Las Flores
Dynazzy,2599 Hoffman Junction,Groningen
Yadel,924 Sauthoff Street,Titay
Trupe,39 Eastlawn Avenue,Kelasuri
Gigabox,3381 Ronald Regan Court,Liuqu
Yoveo,1808 Park Meadow Avenue,Tianjiazhuang
Katz,34794 Buena Vista Street,Amsterdam Nieuw West
JumpXS,24 Luster Point,Thị Trấn Mường Tè
Fivechat,2 Michigan Street,Boulaouane
Buzzbean,4 Longview Plaza,Chernigovka
Yakijo,28 Burrows Hill,Probolinggo
Tanoodle,4 North Parkway,Yulin
Brightbean,7793 Delaware Way,Gharyan
Thoughtsphere,5164 Hudson Alley,North Shore
Shufflebeat,81164 Cottonwood Alley,Senlis
Agimba,56655 Marcy Trail,Wuhao
Zooveo,6104 Mandrake Circle,Fuhai
Buzzbean,66 Goodland Circle,Sixi
Kanoodle,292 Melrose Road,Itapetininga
Blognation,9 Del Sol Park,El Paso
Oyondu,9 Summerview Street,Non Narai
Minyx,2420 Straubel Circle,Timezgadiouine
Quimba,09671 Oxford Park,Ampeleíes
Shuffledrive,933 Crescent Oaks Street,Juatuba
Dynabox,88269 Novick Lane,Tyrnyauz
Yodel,296 Luster Hill,Kafr Baţnā
Cogibox,0 Farragut Way,Zhize
Voonix,491 Loftsgordon Pass,Jinchang
Dabshots,0746 Derek Junction,Druya
Dazzlesphere,981 Lawn Point,Vitória da Conquista
Topiczoom,4 Shasta Street,Novopskov
Jamia,54 School Alley,Pasirangin Tiga
Jaxnation,9 Old Shore Trail,Menampukrajan
Jaloo,025 Kennedy Alley,Den Haag
Fliptune,79 Gina Plaza,Villaguay
Kazio,4 Kipling Circle,Sangzhou
Yambee,22621 Mariners Cove Avenue,Parada de Todeia
Flipstorm,4349 Cherokee Point,Ilhéus
Kazu,65 Stone Corner Crossing,Jawhar
Kwinu,2 Cambridge Drive,Buchanan
Livetube,619 Talmadge Park,Osieczna
Zava,3 Hoffman Alley,Angers
Realcube,621 Northland Avenue,Jiazi
Gabspot,6 Bowman Court,Yuanyang
Meedoo,5070 Autumn Leaf Terrace,Bonebone
Youspan,1 Fuller Drive,Tama
Flashspan,39 Moose Street,Phù Mỹ
Topicshots,9 Bayside Avenue,Donggu
Skaboo,87 Debs Street,Huashu
Skyble,7 Union Alley,Pilang
Rhynoodle,20922 Amoth Pass,Amahusu
Chatterpoint,80369 Green Hill,Cangyou
Skiptube,5 Hooker Junction,San Antonio
Thoughtworks,137 Lerdahl Trail,Nevyts’ke
Rhynyx,7466 Lighthouse Bay Lane,Victoria
Eidel,6656 Schlimgen Park,Évry
Wordware,534 Arizona Circle,Baoping
Kayveo,2598 Cambridge Road,Linxia Chengguanzhen
Eabox,966 Becker Avenue,Watulabara
Wordpedia,8305 Ramsey Lane,Heidelberg
Fanoodle,6 Corscot Point,Annotto Bay
Fatz,1517 Toban Crossing,Bahía Blanca
Brainbox,0 Straubel Junction,Mogi Mirim
Shufflester,6 Morningstar Park,Shanghu
Rhycero,34682 Meadow Vale Park,Yipeng
Demimbu,9036 Bowman Avenue,Songzhuang
Oyoyo,5 Chive Parkway,Ganzi
Jazzy,236 Pennsylvania Circle,Tippi
Jayo,3 Fulton Pass,Dem’yanovo
Meeveo,55 Kipling Plaza,Daduchuan
Browsetype,3255 Macpherson Avenue,Piraí
Oozz,4759 Holy Cross Crossing,Trieste
Trudoo,3975 Haas Way,Banatsko Veliko Selo
Camido,1334 Springview Parkway,Kiełczów
Buzzdog,71 Steensland Park,Arfará
Topicshots,75173 Leroy Center,Sandefjord
Feedfish,83 Roth Lane,Donggaocun
Oloo,03 Prairieview Street,Bordeaux
Topdrive,043 Waywood Way,Point Pedro
Gigashots,4361 Leroy Road,Maodian
Latz,8731 6th Alley,Fulong
BlogXS,88041 Park Meadow Trail,Bissorã
Jaloo,31 Village Alley,Al Jarrāḩī
Innojam,11670 Northview Way,Seredyna-Buda
Eidel,93414 Nevada Plaza,Yelan’-Kolenovskiy
Janyx,5 Oxford Terrace,Nantes
Tazzy,9931 Emmet Hill,Mosta
Twinte,90 Oak Lane,Ameixoeira
Realcube,52 Eggendart Hill,Nanshi
Youspan,07688 Morningstar Terrace,Cabudare
Ooba,51 Waubesa Circle,Corbeil-Essonnes
Meetz,78 Leroy Place,Gafanha de Aquém
Gabvine,948 Lien Pass,Meylan
Browsetype,18226 Anniversary Circle,Zengtian
Flashspan,7 Killdeer Plaza,Nova Petrópolis
Voonte,6 Novick Way,Serang
Ailane,3 Prairie Rose Court,Malusac
Kwinu,38 Transport Hill,Huancapallac
Skalith,11189 Burning Wood Plaza,Cibingbin
Wordtune,06651 Elka Street,Lincuo
Centidel,897 Haas Circle,Monchegorsk
Browsecat,81326 Eagle Crest Road,Isla
Chatterbridge,9 Meadow Ridge Plaza,Pandanwangi
Leexo,00330 Hermina Hill,Jiquilillo
Kare,065 Anderson Pass,Cemplang
Feedbug,296 Village Court,Troyes
Teklist,0425 Lawn Lane,Ciro Redondo
Flipbug,35901 Cascade Alley,Hřebeč
Demizz,55 Lakeland Terrace,Montasik
Lazz,7988 Arrowood Crossing,Napoles
Twitterwire,90539 Valley Edge Drive,Pawa
Roodel,721 Esch Alley,Matão
Zoomlounge,84 Sommers Place,Huancheng
Tazzy,576 Cottonwood Terrace,Olyka
Flashdog,3 Acker Pass,Sennoy
Gabspot,8752 Memorial Circle,San Remigio
Devify,12237 Bay Plaza,Banana Village
Bluezoom,764 Farmco Alley,Novi Sad
Voomm,04 Fisk Parkway,Paris 10
BlogXS,80738 Transport Junction,London
Chatterpoint,50946 Crescent Oaks Terrace,São Martinho de Árvore
Kwilith,4 Becker Circle,Gapyeong
Eire,43877 Myrtle Court,Beyla
Lazz,594 Declaration Hill,Khalīlābād
Dabvine,424 Kensington Avenue,Paris La Défense
JumpXS,6230 Holmberg Avenue,Umeå
Voolith,776 Truax Alley,Hongjiazui
Thoughtbridge,27994 Briar Crest Center,Estancia
Yakijo,301 Laurel Park,Quchi
Twitternation,612 Arrowood Road,Oesena
Jaxworks,182 Trailsway Way,Hongkeli
Fivespan,95086 Pierstorff Trail,Cavadas
Meembee,22 Daystar Place,Niederanven
Roombo,5 Mcguire Place,Diavatós
Topdrive,94 Evergreen Place,Marseille
Edgetag,90 Waxwing Court,Jieyang
Eazzy,1592 Evergreen Road,Dauriya
Realbridge,41245 Drewry Pass,Limbuhan
Quatz,08812 Summer Ridge Way,Philipsburg
Divanoodle,604 Gale Road,Banatsko Veliko Selo
Jabbercube,6 Hallows Court,Padina
Skalith,58604 Continental Alley,Próti
Vipe,32 Scoville Road,Santulhão
Voomm,0835 Sutteridge Court,Omaha
Youbridge,173 Sutherland Lane,Taiping
Centidel,06446 Lake View Junction,Mahébourg
Browsezoom,09 Nova Park,San Roque
Digitube,5 Dorton Lane,Mandalgovi
Skyble,1879 Superior Terrace,Amargosa
Flipstorm,9096 Lien Circle,Juncalito Abajo
Zoomcast,851 Dennis Plaza,Lélouma
Avamba,952 Caliangt Center,Kutacane
Ntags,8260 Manitowish Lane,Madrid
Divape,64 Oxford Junction,Valencia
Fatz,24 Butternut Drive,Altkirch
Blogtag,2 Blaine Way,Rahayu
Realcube,8 Esch Place,Ḩabīl ar Raydah
Twitterwire,6 Gina Point,Nuevo Amanecer
Ozu,09282 Debra Drive,Naushahro Fīroz
Gabvine,1 Express Crossing,Tapacocha
Wordtune,21629 Sunbrook Road,Blagaj
Blogtags,89 David Circle,Pare
Edgeblab,3 Maryland Plaza,Kalenderovci Donji
Youopia,3395 Lotheville Center,Pembuanghulu
Zoomlounge,4284 Utah Place,Pervoavgustovskiy
Blogtag,5 Cambridge Road,Huazhai
Flashspan,4269 Mallard Lane,Oslo
Jaxbean,66 Cardinal Plaza,São Vicente de Ferreira
Brightbean,6 Mitchell Lane,Georgiyevka
Quatz,577 Dovetail Way,Karavan
Skiba,75337 Blackbird Road,Şūrān
Vinder,74156 Bowman Parkway,Manassas
Realmix,1 Blaine Drive,Yunxi
Livetube,75 Burning Wood Circle,Leshan
Chatterbridge,7 Mendota Way,Loma Bonita
Flashdog,35 Sundown Court,Karlovy Vary
Twitterbeat,523 Goodland Way,Brive-la-Gaillarde
Feedspan,06 Brickson Park Circle,Stockholm
Tagfeed,8862 Norway Maple Road,Francos
Linkbuzz,5849 Orin Avenue,Xinfeng
Twitterwire,004 Nelson Park,Anse à Galets
Wikizz,2762 Onsgard Point,Makurazaki
Ooba,381 Old Gate Park,Auxerre
Dabshots,3778 Sunfield Trail,Borjomi
Kayveo,98 Moland Crossing,Chīchāwatni
Youfeed,43 Autumn Leaf Junction,Kista
Gabvine,65 Pennsylvania Terrace,Yablonovskiy
Browsecat,45077 Westport Point,Ono
Dabjam,68477 Nobel Drive,Bipolo
Roombo,1 Carioca Crossing,Batroûn
Buzzster,79017 Nevada Trail,Pécs
Tanoodle,3302 Lerdahl Alley,Golema Rečica
Realblab,0647 Dayton Plaza,Dimitsána
Tekfly,7931 Longview Place,Dijon
Mybuzz,37664 Blaine Hill,Ryazanskaya
Meevee,0 Forest Run Circle,Timaru
Skippad,3923 Hoard Hill,Širvintos
Teklist,00357 Marquette Hill,Heqiao
Mynte,254 Monica Place,Celje
Roombo,8447 Manley Drive,Fraile Pintado
Vinder,645 Arrowood Hill,Leping
Yadel,414 Reinke Road,Xinji
Feedfish,1493 Vidon Place,Sison
Myworks,08 Commercial Pass,Tualangcut
Zoomdog,117 Harper Pass,Lepanto
Youopia,3853 Becker Trail,Tumpukrenteng
Kare,5 Iowa Junction,Asopía
Kayveo,9697 Ryan Alley,Ħamrun
Yacero,36563 Mendota Circle,Benito Juarez
Edgewire,5204 Comanche Lane,Kalmar
Leenti,4 Ruskin Alley,Nikol’sk
Skibox,3 Bashford Plaza,Phúc Yên
Meetz,275 Gale Road,Kandhkot
Roombo,09 Sage Parkway,Heshan
Jaxworks,20 Warrior Road,Ribeirão Pires
Photobean,1510 Waubesa Crossing,Galátsi
Camimbo,082 John Wall Avenue,Bełsznica
Trudeo,06497 Muir Crossing,Duwakbuter
Mudo,68 Longview Plaza,Baranoa
Ntags,753 Sutteridge Place,Qijiazuo
Feedmix,4 Meadow Vale Court,Shajing
Dabfeed,198 Amoth Court,Pucacaca
Jaloo,93151 Jenna Pass,Mahābād
Yoveo,76058 Dahle Drive,Sergio Osmeña Sr
Zoovu,68 Gale Crossing,Boden
Voonder,63 Dottie Plaza,Shatoja
Quatz,4020 Morrow Court,Yukhnov
Ailane,752 Loomis Hill,Dongjiao
Fanoodle,8 Saint Paul Road,Gunung
Blogtag,13331 Melvin Place,Kälviä
Wikido,50014 Golf Lane,Yotsukaidō
Thoughtworks,44 Hazelcrest Point,Pyatigorskiy
Vitz,0 Pankratz Drive,Boto
Buzzdog,92451 Rigney Parkway,Stírion
Flashpoint,4394 Eastwood Point,São Torcato
Yotz,2 Dixon Hill,Nashtā Rūd
Digitube,243 Gulseth Place,Tabuc Pontevedra
Oyoyo,69078 Melby Plaza,Fuwah
Edgeblab,3 Morrow Terrace,Ansheng
Viva,62048 Bultman Hill,Sułów
Wikido,552 Division Road,Samut Prakan
Jaxworks,668 Golf Course Park,Benešov nad Černou
Linklinks,91017 Merrick Center,Káto Glikóvrisi
Kamba,44489 Coleman Junction,Quimilí
Twitterwire,411 Almo Hill,Kargowa
Innojam,0 Nobel Trail,Wieniawa
Rhyzio,1 Red Cloud Parkway,Kenyau
Brainverse,47 Gina Plaza,Vanáton
Kaymbo,42 Mosinee Road,San Andrés
Vimbo,402 Wayridge Center,Strängnäs
Photobug,0948 Harbort Crossing,Mazha
Skivee,34467 Helena Junction,Pnikut
Tagtune,4 Dakota Parkway,Orléans
Twimbo,84651 Straubel Avenue,Addis Ababa
Vimbo,39133 Buell Point,Tayuan
Thoughtmix,2 Kennedy Plaza,Pingshan
Wikivu,409 Cordelia Terrace,Petrovsk
Feednation,36008 Debs Place,Rio Claro
Centimia,7228 Hanover Circle,Al Ghandūrah
Bubblemix,7 Anzinger Alley,Bagakay
Twitterworks,68603 Clarendon Terrace,Kawasaki
Zoovu,09186 Menomonie Crossing,Barreiro
Wikibox,26936 Rowland Point,Tebanah
Fadeo,30 Magdeline Center,Limoeiro do Norte
Fivechat,2556 Autumn Leaf Terrace,Qianjia
Fliptune,787 Jana Circle,Shentang
Demimbu,5 Cardinal Place,Vila Franca
Katz,0291 Weeping Birch Avenue,Sinilian First
Oyoloo,23210 Hanover Trail,Port-de-Bouc
Geba,61 Hanover Point,Breda
Ozu,59153 Petterle Lane,Port-à-Piment
Snaptags,934 2nd Court,Mueang Nonthaburi
Blogtag,5303 Northport Alley,Jiuxian
Brightbean,07 Warrior Avenue,Siyang
Feedfire,8 Thierer Park,Santa Lucia
Shuffletag,53 Kipling Drive,Umeå
Leexo,8439 Ludington Hill,Sicheng
Podcat,2 Rigney Lane,Borås
Divanoodle,3844 Marcy Circle,Port Washington
Quimba,0816 4th Terrace,Sydney
Miboo,64894 Heffernan Center,Alfortville
Fivebridge,36 Hagan Trail,Thanatpin
Fadeo,36444 Larry Plaza,El Puente
Zoonoodle,02 Carpenter Circle,Duqiong
Flashset,671 Derek Plaza,Águas Formosas
Linktype,85 Raven Drive,Kalá Déndra
Lazz,1 Stephen Alley,Isangel
Oyope,2061 Di Loreto Point,Xiadian
Kaymbo,05 Hanover Lane,Lagoa
Quinu,9788 Autumn Leaf Circle,Naranjal
Innojam,40909 Hermina Point,Khōst
Browsebug,4609 Bunting Drive,Krajan Puger Wetan
LiveZ,1 Old Shore Way,Doug An
Oyonder,19 Hazelcrest Point,La Paloma
Tagtune,7838 Gateway Point,Wuyang
Zoombox,00676 Caliangt Pass,Suohe
Divanoodle,13938 Kenwood Alley,Catache
Eadel,18944 Jay Avenue,Beckerich
Minyx,48832 Northview Center,Shiniujiang
Trudoo,80 Declaration Drive,Pardesiyya
Topicshots,229 Ramsey Road,Datong
Yodo,0742 Loftsgordon Avenue,Zhongfeng
Edgetag,80 Stoughton Pass,Ülken
Zoonoodle,628 4th Crossing,Urazovka
Flashpoint,2 Badeau Lane,Alice
Tagcat,602 Knutson Crossing,Dori
Mydeo,40967 Starling Center,Dongfanghong
Eabox,7 Magdeline Trail,Núi Sập
Brainbox,348 Randy Pass,Tilamuta
Skidoo,7574 7th Court,Mandi Bahāuddīn
Oyoba,2 Michigan Circle,Lesnikovo
Divavu,52719 David Hill,Kikinda
Photojam,595 Stang Trail,Verkhneye Kazanishche
Mydo,4 Fremont Crossing,Lahoysk
Jamia,70521 Monterey Hill,Alexandria
Eare,86 Northridge Alley,Waipukang
Meetz,05 Briar Crest Alley,Umeå
Wikido,56082 Elka Avenue,Cilangla
Zoonder,78102 Novick Junction,Čapljina
Ainyx,610 Glendale Avenue,Dal’nerechensk
Ooba,52 Blue Bill Park Center,Anda
Gabspot,46 Brentwood Park,Majāz al Bāb
Dynabox,5 Westridge Road,Rodniki
Zoovu,2 Barby Plaza,Tetyushi
Demimbu,8 Red Cloud Terrace,Descalvado
Quamba,925 Nelson Park,Chowṉêy
Skiba,032 Anzinger Avenue,Buesaco
Avaveo,88 Sauthoff Court,Bolotnoye
Demimbu,23 Meadow Valley Plaza,Amnat Charoen
Aibox,227 John Wall Hill,Perico
Skyble,43 Upham Drive,Umi
Kazio,3 Maple Terrace,Taluncemara
Podcat,21 Dennis Alley,Basa
Devshare,71 Hudson Place,Grand Junction
Oloo,3 Artisan Drive,Gukovo
Thoughtbridge,37 Hooker Terrace,Olesno
Browsecat,4 Vahlen Terrace,Myeik
Jatri,109 Orin Terrace,Giv'on HaHadasha
Devpoint,9774 Westridge Terrace,Bao’an
Eimbee,00442 Superior Avenue,Las Toscas
Bubbletube,5 Weeping Birch Terrace,Careva Ćuprija
Centimia,1 Sunnyside Avenue,Roseau
Youspan,242 Tennessee Parkway,Yessentukskaya
Rhyzio,615 Clove Place,Port Moody
Skinder,67 Gale Center,Tuanfeng
Brightbean,50296 Dennis Point,Kérkyra
Eare,918 Birchwood Trail,Tungelsta
Jabbersphere,33777 Haas Crossing,Tekik Wetan
Mybuzz,8884 Oak Valley Street,Vale Maceiras
Yombu,960 Springs Place,Salto
Agivu,2 Montana Place,Segezha
Voomm,39094 Shopko Park,Outeiro
Wordpedia,50958 Coolidge Plaza,Kanáli
Trupe,98 Longview Plaza,Bitaogan
Vinder,718 Jana Pass,Sizao
Riffpath,92 Hudson Point,San Onofre
Youtags,21 Autumn Leaf Alley,La Tebaida
Skyble,5385 Hanover Circle,Changgai
Feedfire,0 Hovde Court,Toulouse
Yotz,27992 Hagan Crossing,Naschel
Topicware,3672 Pine View Point,Jinghai
Kimia,0 Orin Parkway,Qiawan
Realblab,8 Jana Terrace,Jilin
Thoughtstorm,713 Dennis Parkway,Cienfuegos
Ooba,8663 Forest Dale Way,Veles
Dynazzy,67 Memorial Terrace,Rancapare
Babblestorm,71 Haas Trail,Barice
Wordpedia,89 Mayer Lane,Huangshan
Linkbuzz,3 Melrose Center,Kavajë
DabZ,7 Buena Vista Point,Matatiele
Rhyzio,3 Sunfield Lane,Currais
Gigazoom,1930 Bartillon Avenue,Bangilan
Quatz,5340 Gina Road,Bascaron
Zoomlounge,79 Westerfield Court,Hankasalmi
Twinder,3402 Sachtjen Place,Zhangjiawo
Quatz,8 Erie Terrace,Rudong
Dazzlesphere,4669 Vermont Road,Liuji
Tanoodle,0486 Maple Wood Plaza,Xiongjia
Eare,415 Michigan Lane,Escola
Innotype,62342 Coleman Way,Nerk’in Getashen
Kazio,248 Rieder Terrace,Žalec
Dabvine,3558 Loeprich Circle,Rouen
Quinu,231 Comanche Point,Campana
Tagcat,39188 Carberry Lane,Bamut
Youspan,1035 Crescent Oaks Lane,Kinnula
Skinix,2 Summit Circle,Kabar Utara
Geba,28 Valley Edge Plaza,Tapon
Einti,075 Coolidge Trail,Paris La Défense
Bubbletube,40 Green Way,Anguil
Tazzy,7 Del Sol Pass,Krasnyy Profintern
Gabtune,8 Dennis Park,Solana
Meemm,50 4th Point,Ponte
Rhyzio,895 Welch Alley,Formosa
Leexo,66593 Schurz Parkway,Novoye Leushino
Skyble,257 1st Place,Sigiriya
Tagpad,87 Ohio Circle,Indianapolis
Blogspan,1 Waxwing Road,Bungbulang
Browseblab,795 Holy Cross Junction,Mangkon Daja
Kwilith,0 Golf Course Park,Taiping
Jayo,83223 Eastwood Parkway,Ampanihy
Vipe,616 Alpine Center,Sankeng
Tagcat,76502 Comanche Hill,Santiago
Dynava,50 Eagan Parkway,Vitoria-Gasteiz
Fliptune,04 Forest Run Hill,Bassila
Jazzy,93 Nova Point,Kuantan
Devpoint,0 Reindahl Crossing,Manolás
Jabberstorm,18 Tennyson Street,Кондово
Janyx,39402 Truax Terrace,Cawayan Bugtong
Livefish,75961 Holy Cross Point,Daying
Eadel,648 Meadow Vale Point,Reshui
Twitterbeat,86 Stang Road,Fastovetskaya
Linklinks,158 Talmadge Court,Tasböget
Youspan,1703 Bluestem Street,Damnica
Mydo,9983 Warbler Alley,Yangqiao
Katz,526 John Wall Pass,Oujda
Innojam,3 Parkside Point,Sukasirna
Dabfeed,9 Iowa Pass,Tall Rif‘at
Kazu,064 Caliangt Alley,Issy-les-Moulineaux
Devbug,87255 Lien Avenue,Indralayang
Myworks,7080 Little Fleur Center,Isfahan
Flashset,592 Raven Street,Madrid
Shufflebeat,83220 Boyd Pass,Basey
Fatz,793 Westerfield Crossing,Al Mālikīyah
Browsebug,284 Eagan Parkway,Yefremov
Oyoloo,29 Hansons Hill,Alençon
Minyx,97 Nobel Street,Bailiang
Realcube,2062 Browning Avenue,Goiatuba
Roombo,74 Mockingbird Street,Guararapes
Leenti,9394 Esker Crossing,Vasylkiv
Meezzy,78 Merrick Park,Bayanhoshuu
Dabshots,97576 Corscot Alley,Stąporków
Talane,408 Myrtle Way,Kota Kinabalu
Yata,664 Mandrake Center,Longde Chengguanzhen
Jabberstorm,4 Bartelt Crossing,Qalqīlyah
Skidoo,33 Derek Place,Mlowo
Wikibox,67359 Tony Avenue,Novocheboksarsk
Kayveo,788 Walton Avenue,Sumberpandan
Trudoo,2 Milwaukee Center,Xylaganí
Yodel,9 Onsgard Center,Nansan
Cogilith,86450 Cordelia Circle,Desa Kertasari
Topicblab,96 Mitchell Park,Kaabong
Yodo,8 Ridge Oak Road,Kolmården
Yodo,771 Briar Crest Street,Salam
Dabvine,99 Manitowish Street,Leteki
Quinu,15 Sunfield Center,Cajamarca
Twitterbeat,82 Waywood Road,Culubasa
Roodel,063 Magdeline Way,Mirovice
Plambee,47 Bunker Hill Junction,Vereshchagino
Photofeed,5 Mendota Way,Pinamalayan
Skaboo,40 Hanson Road,Bin Yauri
Topicware,27 Mandrake Avenue,Bhawāna
Edgewire,23 Katie Trail,Toledo
Yodo,01916 Dennis Trail,Xingyi
Tambee,2 Kennedy Avenue,Corinto
Babbleset,74 Claremont Drive,Naikolan
BlogXS,176 Debs Street,Viraco
Mymm,4 Marcy Avenue,Vilares
Flashdog,8257 Thierer Alley,Teykovo
Oyonder,9915 Bunker Hill Terrace,Salinungan Proper
Mudo,4004 Grasskamp Drive,Barwałd Górny
Skyble,55 Tennyson Junction,San Jacinto
Leexo,6 Brickson Park Circle,Jati
Thoughtmix,199 Monica Park,Smolensk
Agimba,9 Steensland Pass,Tiantang
Dabvine,722 David Place,Guangfu
Mita,5012 Coolidge Road,Obonoma
Oba,7 Tennyson Trail,Hexi
Yodo,8 Westport Street,Kangasala
Camimbo,0 Monica Way,Pasolapida
Dynazzy,1465 Starling Crossing,Burbank
Lajo,1801 Elka Way,Anding
Mydo,6638 Bashford Drive,Olyka
Bubblebox,69 Main Way,Mýrina
Skimia,3 Coleman Pass,Hongcheng
Wikizz,57561 Fairview Point,Qijia
Thoughtstorm,5827 Everett Avenue,Pandansari
Omba,671 Lakewood Circle,Sel’tso
Zooxo,974 Cherokee Drive,Shibata
Blogspan,97 Novick Park,Quatro Barras
Gabtype,5 Welch Trail,Bueng Khong Long
Dazzlesphere,4 Eastwood Road,Tallkalakh
Kamba,17 Northland Junction,Kuznechnoye
Mudo,01 Bashford Street,Jinze
Lazz,27438 Emmet Circle,Monte do Outeiro
Cogidoo,46 Anthes Lane,Infanta
Yodel,30907 Coleman Center,Akropong
Centizu,6 Fremont Crossing,Villa Aglipay
Flipbug,58912 Sauthoff Trail,Tancheng
Agivu,16541 Magdeline Park,Nakamura
Skippad,16 Continental Road,Bandung
Ntag,171 Cottonwood Center,Obrera
Yodoo,7 Ludington Pass,Зуунмод
Shufflester,5067 Susan Way,Shouchun
Livepath,5382 Annamark Trail,Vitomarci
Muxo,8882 Dapin Hill,Xihuaiba
Meevee,68008 Glacier Hill Pass,Chilecito
Topiclounge,7 Eagle Crest Avenue,Erada
Skippad,5283 Basil Drive,Bagalangit
Zoonoodle,3 Tomscot Pass,Fosses
Zoonoodle,7 Warrior Drive,Mtinko
Voolith,6 Sycamore Place,Koszyce Wielkie
Babbleopia,651 Victoria Trail,Rey
Ntags,6169 Dixon Lane,Guanyang
Devcast,94 2nd Junction,Leones
Buzzster,1061 La Follette Point,Abbeville
Kamba,5006 Hollow Ridge Road,Horní Jelení
Livetube,7605 Kropf Park,Pyzdry
Kwilith,58 Carey Plaza,Tajrīsh
Talane,6657 Messerschmidt Hill,Besah
Zava,3 Farmco Drive,Golomunta
Jabbersphere,36 Talmadge Drive,Buseresere
Miboo,3 Ohio Center,Verkhniy Rohachyk
Brainverse,76 Reinke Alley,Lubaczów
Tambee,18 Huxley Road,Jovellar
Flashspan,8516 Roxbury Junction,Las Vegas
Yozio,6 Hovde Place,Dagou
Dynazzy,5 Doe Crossing Drive,Herne
Photobug,4 Lakewood Gardens Court,Kananya
Twitterlist,59 Coleman Lane,Kalinovskaya
Zoonoodle,369 Dakota Terrace,Jaguaquara
Fadeo,26389 Beilfuss Plaza,Guri-si
Voonyx,594 Buell Lane,Xincheng
Jaxbean,881 Miller Center,Gibbons
Brainbox,8 Northport Parkway,La Victoria
Skipstorm,587 Grayhawk Trail,Qiagai
Zoombeat,8994 Blaine Center,Priekulė
Ozu,0849 Roxbury Avenue,Gyamco
Gigazoom,23125 Fuller Junction,Abu Dhabi
Flashset,18 Elgar Crossing,Jining
Fatz,26074 Dexter Terrace,Waishan
Wikibox,5176 Tony Court,Malitbog
Cogibox,26416 Ridgeview Point,Zhongxin
Skinder,1 Boyd Lane,As Suqaylibīyah
Brainverse,405 Golden Leaf Terrace,Springfield
Agivu,08356 Anniversary Street,Melchor de Mencos
Eimbee,36 Londonderry Center,Kotabaru
Photobug,25 Vidon Crossing,Thamaga
Realbuzz,41 Forest Run Point,Naranjal
Jabbertype,720 Moulton Trail,Marseille
Eidel,824 Leroy Hill,Vallehermoso
Innojam,50345 Anderson Hill,Adraskan
Devcast,19289 Armistice Road,São Sebastião
Trunyx,9748 Toban Way,Reims
Zoonoodle,820 Waubesa Plaza,Juncheng
Yakidoo,2 Pleasure Hill,Dubova (Driloni)
Ntags,17257 Sullivan Road,Fovissste
Wikizz,397 Sycamore Lane,Kozhanka
Babbleset,1 Norway Maple Junction,Hetang
Vinte,7 Monica Park,Telangi Satu
Fatz,20 Anderson Road,Hagondange
Riffpedia,4 Drewry Circle,Feyẕābād
Dynava,06 Bellgrove Parkway,Dahua
Tagpad,4883 Evergreen Road,Charleston
Layo,843 Waubesa Junction,Bingfang
Skidoo,109 Cambridge Center,Goléré
Meembee,5 Forster Plaza,Magangué
Youfeed,68 Prentice Alley,Lipiany
Twitterlist,1764 Mallory Park,Loštice
Photobug,91913 Havey Alley,La Estancia
Tagopia,94994 Summit Point,Lugait
Browsecat,1649 Schurz Point,Gondifelos
Skyvu,1 Acker Lane,Makar’yev
Realbridge,4 Lyons Terrace,Luftinjë
Yamia,200 Lake View Court,Kazlų Rūda
Tagopia,5 Butterfield Park,Osiedle-Nowiny
Mymm,4357 West Hill,Tëploye
Voonte,21 Mandrake Circle,Palaiochóri
Twinte,8 Little Fleur Junction,Danbury
Yozio,3376 Cascade Alley,Portariá
Lazzy,1100 Petterle Circle,Barreirinhas
Dynava,6 Anhalt Drive,Oroin Xibe
Innotype,23 Union Trail,Picos
Mydeo,33829 Reinke Plaza,Roissy Charles-de-Gaulle
Jabbersphere,88 Autumn Leaf Junction,Kulase
Voonder,611 Acker Junction,Cuenca
Realbuzz,34349 3rd Parkway,Kalipucang
Yodoo,868 Northwestern Parkway,Pigí
Shufflester,76 Kingsford Way,Neglasari
Feedfire,36806 Welch Terrace,Xingren
Eamia,5 Thierer Junction,Curug
Realbridge,10957 Twin Pines Plaza,Edissiya
Podcat,16634 Johnson Plaza,Sunzhen
Zoomdog,805 Muir Court,Campos Sales
Edgeblab,3 Toban Crossing,Zavolzh’ye
Wordware,24 Jana Pass,Thạnh Hóa
Gabcube,8 Coolidge Road,Shuangyuan
Yodel,940 Lakewood Gardens Street,Cintra
Centimia,51160 Talisman Alley,Linëvo
Leexo,8 Johnson Place,Sampao
Skyba,92289 Wayridge Place,Haridimun
Flipstorm,73 Dryden Drive,Londres
Devify,08 Oneill Plaza,Mealhada
Quimba,7 Amoth Street,Chernivtsi
Rhyzio,8 Florence Drive,Valka
Quire,70 School Alley,Daying
Latz,98571 Shelley Center,Talisayan
Zoomlounge,380 Maryland Circle,Polykárpi
Einti,8 Spaight Court,Yeping
Twitterlist,69 Sheridan Plaza,Masaraway
Babbleblab,517 Muir Street,Fengshan
Twitterworks,37 Holy Cross Drive,Eskilstuna
Roomm,3 Raven Lane,Voiron
Brainbox,2160 Londonderry Junction,Feuknoni
Oyonder,0 Briar Crest Junction,Pomar
Twitterbridge,4126 Myrtle Hill,Ayapel
Babbleblab,3278 Toban Way,Carangola
Gevee,03469 Village Green Hill,Sintra
Omba,83268 Summer Ridge Park,Shensuo
Mymm,7091 Superior Park,Pavlodar
Mydeo,79 Summit Hill,Khemisset
Eazzy,96 Hoepker Lane,Baihe
Blogtags,80 Cardinal Junction,Lamotrek
Jaloo,5 Golf Course Parkway,Tama
Skibox,04285 Park Meadow Pass,Grębków
Kwideo,3 Dawn Place,Alicia
Fliptune,21 Dorton Crossing,Slobodka
Bubblemix,25 Lakeland Center,Kubangwaru
Centidel,7660 Green Park,Okanagan
Livetube,647 Lighthouse Bay Place,Klirou
Mydo,076 Sloan Park,Shangfang
Gevee,47719 Commercial Drive,Linköping
Gevee,0214 Cody Alley,Padangcermin
Divavu,3181 Acker Lane,Polo
Photobug,15 Crownhardt Parkway,Bellavista
Ozu,35 Forest Dale Road,Abelheira
Oyoba,6 Birchwood Circle,Mawa
Jazzy,75009 Spaight Center,Digos
JumpXS,1565 Thackeray Street,Pembroke
Shufflebeat,700 Almo Junction,Tushi
Topdrive,72 Rusk Junction,Laixi
Aimbu,01078 Pankratz Plaza,Saltsjöbaden
